supplier_id,supplier_country,avg_reliability,avg_lead_time,risk_class,supplier_name,corridor_tier
P0001_S1,New Zealand,0.60104219984,7.25477590528,High Risk,Global Vendor P0001_S1,Global
P0001_S2,Cuba,0.60104219984,7.25477590528,High Risk,Global Vendor P0001_S2,Global
P0002_S1,Panama,0.5775892939722223,4.713105251833333,High Risk,Global Vendor P0002_S1,Global
P0002_S2,Hungary,0.5775892939722223,4.713105251833333,High Risk,Global Vendor P0002_S2,Global
P0002_S3,Bulgaria,0.5775892939722223,4.713105251833333,High Risk,Global Vendor P0002_S3,Global
P0003_S1,Ukraine,0.6254339337027027,5.165541592918919,High Risk,Global Vendor P0003_S1,Global
P0003_S2,Poland,0.6254339337027027,5.165541592918919,High Risk,Global Vendor P0003_S2,Global
P0003_S3,Russia,0.6254339337027027,5.165541592918919,High Risk,Global Vendor P0003_S3,Global
P0003_S4,Ireland,0.6254339337027027,5.165541592918919,High Risk,Global Vendor P0003_S4,Global
P0004_S1,Kyrgyzstan,0.4568981741923077,6.241395334230769,High Risk,Global Vendor P0004_S1,Global
P0004_S2,Thailand,0.4568981741923077,6.241395334230769,High Risk,Global Vendor P0004_S2,Global
P0004_S3,Sri Lanka,0.4568981741923077,6.241395334230769,High Risk,Global Vendor P0004_S3,South Asia
P0004_S4,Germany,0.4568981741923077,6.241395334230769,High Risk,Global Vendor P0004_S4,Global
P0004_S5,Italy,0.4568981741923077,6.241395334230769,High Risk,Global Vendor P0004_S5,Global
P0005_S1,Georgia,0.5294801724333333,4.916522854099999,High Risk,Global Vendor P0005_S1,Global
P0005_S2,Portugal,0.5294801724333333,4.916522854099999,High Risk,Global Vendor P0005_S2,Global
P0005_S3,Laos,0.5294801724333333,4.916522854099999,High Risk,Global Vendor P0005_S3,Global
P0006_S1,Ethiopia,0.5800100412941176,4.508124024294117,High Risk,Global Vendor P0006_S1,Global
P0006_S2,Azerbaijan,0.5800100412941176,4.508124024294117,High Risk,Global Vendor P0006_S2,Global
P0006_S3,Bolivia,0.5800100412941176,4.508124024294117,High Risk,Global Vendor P0006_S3,Global
P0006_S4,Saudi Arabia,0.5800100412941176,4.508124024294117,High Risk,Global Vendor P0006_S4,GCC
P0006_S5,Bulgaria,0.5800100412941176,4.508124024294117,High Risk,Global Vendor P0006_S5,Global
P0007_S1,Iraq,0.49323030729411765,6.054124851264707,High Risk,Global Vendor P0007_S1,Global
P0007_S2,Pakistan,0.49323030729411765,6.054124851264707,High Risk,Global Vendor P0007_S2,South Asia
P0008_S1,Hungary,0.47829081809375,5.80594153934375,High Risk,Global Vendor P0008_S1,Global
P0008_S2,Paraguay,0.47829081809375,5.80594153934375,High Risk,Global Vendor P0008_S2,Global
P0009_S1,Belgium,0.4508847658857143,5.0342774597428575,High Risk,Global Vendor P0009_S1,Global
P0009_S2,Oman,0.4508847658857143,5.0342774597428575,High Risk,Global Vendor P0009_S2,GCC
P0010_S1,Morocco,0.4846727181258064,4.886631330483871,High Risk,Global Vendor P0010_S1,Global
P0010_S2,Nigeria,0.4846727181258064,4.886631330483871,High Risk,Global Vendor P0010_S2,Global
P0010_S3,Canada,0.4846727181258064,4.886631330483871,High Risk,Global Vendor P0010_S3,Global
P0011_S1,China,0.440153250275,5.117370954,High Risk,Global Vendor P0011_S1,Global
P0011_S2,Oman,0.440153250275,5.117370954,High Risk,Global Vendor P0011_S2,GCC
P0011_S3,Austria,0.440153250275,5.117370954,High Risk,Global Vendor P0011_S3,Global
P0011_S4,Pakistan,0.440153250275,5.117370954,High Risk,Global Vendor P0011_S4,South Asia
P0012_S1,Iran,0.46173779321875,4.549813032625,High Risk,Global Vendor P0012_S1,Global
P0012_S2,Austria,0.46173779321875,4.549813032625,High Risk,Global Vendor P0012_S2,Global
P0013_S1,Morocco,0.36842768862068964,5.556488066827586,High Risk,Global Vendor P0013_S1,Global
P0013_S2,South Korea,0.36842768862068964,5.556488066827586,High Risk,Global Vendor P0013_S2,Global
P0013_S3,Hungary,0.36842768862068964,5.556488066827586,High Risk,Global Vendor P0013_S3,Global
P0013_S4,Vietnam,0.36842768862068964,5.556488066827586,High Risk,Global Vendor P0013_S4,Global
P0013_S5,Senegal,0.36842768862068964,5.556488066827586,High Risk,Global Vendor P0013_S5,Global
P0014_S1,Greece,0.5309245268620689,4.955189824965517,High Risk,Global Vendor P0014_S1,Global
P0014_S2,Jordan,0.5309245268620689,4.955189824965517,High Risk,Global Vendor P0014_S2,Global
P0015_S1,Algeria,0.57760262725,4.957297279214286,High Risk,Global Vendor P0015_S1,Global
P0015_S2,Bolivia,0.57760262725,4.957297279214286,High Risk,Global Vendor P0015_S2,Global
P0015_S3,Philippines,0.57760262725,4.957297279214286,High Risk,Global Vendor P0015_S3,Global
P0016_S1,Philippines,0.5397485818823529,5.710109396147058,High Risk,Global Vendor P0016_S1,Global
P0016_S2,North Macedonia,0.5397485818823529,5.710109396147058,High Risk,Global Vendor P0016_S2,Global
P0016_S3,Bosnia and Herzegovina,0.5397485818823529,5.710109396147058,High Risk,Global Vendor P0016_S3,Global
P0016_S4,Romania,0.5397485818823529,5.710109396147058,High Risk,Global Vendor P0016_S4,Global
P0016_S5,Egypt,0.5397485818823529,5.710109396147058,High Risk,Global Vendor P0016_S5,Global
P0017_S1,Brazil,0.468078284125,4.97189111790625,High Risk,Global Vendor P0017_S1,Global
P0017_S2,Sweden,0.468078284125,4.97189111790625,High Risk,Global Vendor P0017_S2,Global
P0017_S3,Czech Republic,0.468078284125,4.97189111790625,High Risk,Global Vendor P0017_S3,Global
P0018_S1,Ukraine,0.4805662010909091,6.171549202454545,High Risk,Global Vendor P0018_S1,Global
P0018_S2,Cambodia,0.4805662010909091,6.171549202454545,High Risk,Global Vendor P0018_S2,Global
P0018_S3,Mexico,0.4805662010909091,6.171549202454545,High Risk,Global Vendor P0018_S3,Global
P0018_S4,Trinidad and Tobago,0.4805662010909091,6.171549202454545,High Risk,Global Vendor P0018_S4,Global
P0018_S5,Hungary,0.4805662010909091,6.171549202454545,High Risk,Global Vendor P0018_S5,Global
P0019_S1,Paraguay,0.38187930631999994,6.06809068112,High Risk,Global Vendor P0019_S1,Global
P0019_S2,Senegal,0.38187930631999994,6.06809068112,High Risk,Global Vendor P0019_S2,Global
P0019_S3,Philippines,0.38187930631999994,6.06809068112,High Risk,Global Vendor P0019_S3,Global
P0020_S1,Germany,0.4272498390333333,5.3043884089999995,High Risk,Global Vendor P0020_S1,Global
P0020_S2,Sweden,0.4272498390333333,5.3043884089999995,High Risk,Global Vendor P0020_S2,Global
P0020_S3,Argentina,0.4272498390333333,5.3043884089999995,High Risk,Global Vendor P0020_S3,Global
P0020_S4,Brazil,0.4272498390333333,5.3043884089999995,High Risk,Global Vendor P0020_S4,Global
P0020_S5,New Zealand,0.4272498390333333,5.3043884089999995,High Risk,Global Vendor P0020_S5,Global
P0021_S1,Mexico,0.5533197972413793,4.643576385689655,High Risk,Global Vendor P0021_S1,Global
P0021_S2,Hungary,0.5533197972413793,4.643576385689655,High Risk,Global Vendor P0021_S2,Global
P0022_S1,Austria,0.3493525087931034,6.839323091379311,High Risk,Global Vendor P0022_S1,Global
P0022_S2,Dominican Republic,0.3493525087931034,6.839323091379311,High Risk,Global Vendor P0022_S2,Global
P0023_S1,India,0.55819785904,4.70032771444,High Risk,Global Vendor P0023_S1,South Asia
P0023_S2,Netherlands,0.55819785904,4.70032771444,High Risk,Global Vendor P0023_S2,Global
P0023_S3,Ecuador,0.55819785904,4.70032771444,High Risk,Global Vendor P0023_S3,Global
P0023_S4,Trinidad and Tobago,0.55819785904,4.70032771444,High Risk,Global Vendor P0023_S4,Global
P0024_S1,Iran,0.4301319078181818,5.5268511290606055,High Risk,Global Vendor P0024_S1,Global
P0024_S2,Romania,0.4301319078181818,5.5268511290606055,High Risk,Global Vendor P0024_S2,Global
P0025_S1,Jordan,0.4976269763055556,4.451286609444444,High Risk,Global Vendor P0025_S1,Global
P0025_S2,Peru,0.4976269763055556,4.451286609444444,High Risk,Global Vendor P0025_S2,Global
P0025_S3,Ireland,0.4976269763055556,4.451286609444444,High Risk,Global Vendor P0025_S3,Global
P0026_S1,Japan,0.55739994892,4.97059924316,High Risk,Global Vendor P0026_S1,Global
P0026_S2,Azerbaijan,0.55739994892,4.97059924316,High Risk,Global Vendor P0026_S2,Global
P0027_S1,Haiti,0.4498853198928571,4.936919431214286,High Risk,Global Vendor P0027_S1,Global
P0027_S2,Egypt,0.4498853198928571,4.936919431214286,High Risk,Global Vendor P0027_S2,Global
P0027_S3,Cuba,0.4498853198928571,4.936919431214286,High Risk,Global Vendor P0027_S3,Global
P0028_S1,Morocco,0.5235334088461538,4.447749766961539,High Risk,Global Vendor P0028_S1,Global
P0028_S2,Ukraine,0.5235334088461538,4.447749766961539,High Risk,Global Vendor P0028_S2,Global
P0029_S1,Myanmar,0.46726999596153845,5.429262286269231,High Risk,Global Vendor P0029_S1,Global
P0029_S2,Malaysia,0.46726999596153845,5.429262286269231,High Risk,Global Vendor P0029_S2,Global
P0029_S3,Germany,0.46726999596153845,5.429262286269231,High Risk,Global Vendor P0029_S3,Global
P0029_S4,Colombia,0.46726999596153845,5.429262286269231,High Risk,Global Vendor P0029_S4,Global
P0030_S1,Pakistan,0.5403038608222221,4.927691285711111,High Risk,Global Vendor P0030_S1,South Asia
P0030_S2,Panama,0.5403038608222221,4.927691285711111,High Risk,Global Vendor P0030_S2,Global
P0031_S1,Kenya,0.5986454626428571,5.652099111035715,High Risk,Global Vendor P0031_S1,Global
P0031_S2,Qatar,0.5986454626428571,5.652099111035715,High Risk,Global Vendor P0031_S2,GCC
P0031_S3,Panama,0.5986454626428571,5.652099111035715,High Risk,Global Vendor P0031_S3,Global
P0032_S1,Ghana,0.5159506286666667,5.151522495575757,High Risk,Global Vendor P0032_S1,Global
P0032_S2,Turkey,0.5159506286666667,5.151522495575757,High Risk,Global Vendor P0032_S2,Global
P0032_S3,Nigeria,0.5159506286666667,5.151522495575757,High Risk,Global Vendor P0032_S3,Global
P0032_S4,South Africa,0.5159506286666667,5.151522495575757,High Risk,Global Vendor P0032_S4,Global
P0033_S1,South Korea,0.4401001569615385,5.3081713265,High Risk,Global Vendor P0033_S1,Global
P0033_S2,Serbia,0.4401001569615385,5.3081713265,High Risk,Global Vendor P0033_S2,Global
P0033_S3,Ghana,0.4401001569615385,5.3081713265,High Risk,Global Vendor P0033_S3,Global
P0034_S1,Serbia,0.4774242515,5.223624151294118,High Risk,Global Vendor P0034_S1,Global
P0034_S2,Portugal,0.4774242515,5.223624151294118,High Risk,Global Vendor P0034_S2,Global
P0034_S3,Austria,0.4774242515,5.223624151294118,High Risk,Global Vendor P0034_S3,Global
P0034_S4,Philippines,0.4774242515,5.223624151294118,High Risk,Global Vendor P0034_S4,Global
P0034_S5,Turkmenistan,0.4774242515,5.223624151294118,High Risk,Global Vendor P0034_S5,Global
P0035_S1,Saudi Arabia,0.5263471181612903,5.42175124483871,High Risk,Global Vendor P0035_S1,GCC
P0035_S2,Switzerland,0.5263471181612903,5.42175124483871,High Risk,Global Vendor P0035_S2,Global
P0035_S3,Senegal,0.5263471181612903,5.42175124483871,High Risk,Global Vendor P0035_S3,Global
P0035_S4,Israel,0.5263471181612903,5.42175124483871,High Risk,Global Vendor P0035_S4,Global
P0035_S5,Pakistan,0.5263471181612903,5.42175124483871,High Risk,Global Vendor P0035_S5,South Asia
P0036_S1,Singapore,0.4868865789047619,4.329966584690476,High Risk,Global Vendor P0036_S1,Global
P0036_S2,Austria,0.4868865789047619,4.329966584690476,High Risk,Global Vendor P0036_S2,Global
P0036_S3,Ireland,0.4868865789047619,4.329966584690476,High Risk,Global Vendor P0036_S3,Global
P0036_S4,Portugal,0.4868865789047619,4.329966584690476,High Risk,Global Vendor P0036_S4,Global
P0036_S5,Nepal,0.4868865789047619,4.329966584690476,High Risk,Global Vendor P0036_S5,South Asia
P0037_S1,Argentina,0.4875997262121212,5.599661006787879,High Risk,Global Vendor P0037_S1,Global
P0037_S2,Trinidad and Tobago,0.4875997262121212,5.599661006787879,High Risk,Global Vendor P0037_S2,Global
P0037_S3,USA,0.4875997262121212,5.599661006787879,High Risk,Global Vendor P0037_S3,Global
P0038_S1,Ghana,0.5472683722352941,5.603669754352942,High Risk,Global Vendor P0038_S1,Global
P0038_S2,Ukraine,0.5472683722352941,5.603669754352942,High Risk,Global Vendor P0038_S2,Global
P0039_S1,Jordan,0.4315852338965517,4.241256031931035,High Risk,Global Vendor P0039_S1,Global
P0039_S2,Panama,0.4315852338965517,4.241256031931035,High Risk,Global Vendor P0039_S2,Global
P0039_S3,Sri Lanka,0.4315852338965517,4.241256031931035,High Risk,Global Vendor P0039_S3,South Asia
P0039_S4,Germany,0.4315852338965517,4.241256031931035,High Risk,Global Vendor P0039_S4,Global
P0039_S5,Romania,0.4315852338965517,4.241256031931035,High Risk,Global Vendor P0039_S5,Global
P0040_S1,Iran,0.4303379004,6.61618453736,High Risk,Global Vendor P0040_S1,Global
P0040_S2,Italy,0.4303379004,6.61618453736,High Risk,Global Vendor P0040_S2,Global
P0040_S3,Greece,0.4303379004,6.61618453736,High Risk,Global Vendor P0040_S3,Global
P0040_S4,Azerbaijan,0.4303379004,6.61618453736,High Risk,Global Vendor P0040_S4,Global
P0040_S5,Vietnam,0.4303379004,6.61618453736,High Risk,Global Vendor P0040_S5,Global
P0041_S1,New Zealand,0.5191342724318182,5.768845678568182,High Risk,Global Vendor P0041_S1,Global
P0041_S2,Philippines,0.5191342724318182,5.768845678568182,High Risk,Global Vendor P0041_S2,Global
P0041_S3,Spain,0.5191342724318182,5.768845678568182,High Risk,Global Vendor P0041_S3,Global
P0041_S4,Paraguay,0.5191342724318182,5.768845678568182,High Risk,Global Vendor P0041_S4,Global
P0042_S1,Bulgaria,0.40210167339285713,5.4497003939285715,High Risk,Global Vendor P0042_S1,Global
P0042_S2,Ethiopia,0.40210167339285713,5.4497003939285715,High Risk,Global Vendor P0042_S2,Global
P0042_S3,Italy,0.40210167339285713,5.4497003939285715,High Risk,Global Vendor P0042_S3,Global
P0042_S4,Bosnia and Herzegovina,0.40210167339285713,5.4497003939285715,High Risk,Global Vendor P0042_S4,Global
P0042_S5,Nigeria,0.40210167339285713,5.4497003939285715,High Risk,Global Vendor P0042_S5,Global
P0043_S1,China,0.4441116446206897,3.991101965,High Risk,Global Vendor P0043_S1,Global
P0043_S2,Israel,0.4441116446206897,3.991101965,High Risk,Global Vendor P0043_S2,Global
P0044_S1,Bangladesh,0.5101080048518519,6.939839255925926,High Risk,Global Vendor P0044_S1,South Asia
P0044_S2,Denmark,0.5101080048518519,6.939839255925926,High Risk,Global Vendor P0044_S2,Global
P0044_S3,Sweden,0.5101080048518519,6.939839255925926,High Risk,Global Vendor P0044_S3,Global
P0044_S4,Ukraine,0.5101080048518519,6.939839255925926,High Risk,Global Vendor P0044_S4,Global
P0044_S5,Mexico,0.5101080048518519,6.939839255925926,High Risk,Global Vendor P0044_S5,Global
P0045_S1,Saudi Arabia,0.4574742884242424,5.713768652515152,High Risk,Global Vendor P0045_S1,GCC
P0045_S2,Pakistan,0.4574742884242424,5.713768652515152,High Risk,Global Vendor P0045_S2,South Asia
P0045_S3,Fiji,0.4574742884242424,5.713768652515152,High Risk,Global Vendor P0045_S3,Global
P0045_S4,Kazakhstan,0.4574742884242424,5.713768652515152,High Risk,Global Vendor P0045_S4,Global
P0045_S5,Oman,0.4574742884242424,5.713768652515152,High Risk,Global Vendor P0045_S5,GCC
P0046_S1,Spain,0.5909558089310344,5.120730123931034,High Risk,Global Vendor P0046_S1,Global
P0046_S2,Vietnam,0.5909558089310344,5.120730123931034,High Risk,Global Vendor P0046_S2,Global
P0046_S3,Bolivia,0.5909558089310344,5.120730123931034,High Risk,Global Vendor P0046_S3,Global
P0046_S4,Romania,0.5909558089310344,5.120730123931034,High Risk,Global Vendor P0046_S4,Global
P0047_S1,Jordan,0.5699547246875,4.32399358,High Risk,Global Vendor P0047_S1,Global
P0047_S2,Tunisia,0.5699547246875,4.32399358,High Risk,Global Vendor P0047_S2,Global
P0047_S3,Norway,0.5699547246875,4.32399358,High Risk,Global Vendor P0047_S3,Global
P0047_S4,Germany,0.5699547246875,4.32399358,High Risk,Global Vendor P0047_S4,Global
P0047_S5,Indonesia,0.5699547246875,4.32399358,High Risk,Global Vendor P0047_S5,Global
P0048_S1,Ethiopia,0.49288990971875,7.32087116209375,High Risk,Global Vendor P0048_S1,Global
P0048_S2,Canada,0.49288990971875,7.32087116209375,High Risk,Global Vendor P0048_S2,Global
P0048_S3,Greece,0.49288990971875,7.32087116209375,High Risk,Global Vendor P0048_S3,Global
P0048_S4,Bangladesh,0.49288990971875,7.32087116209375,High Risk,Global Vendor P0048_S4,South Asia
P0049_S1,Dominican Republic,0.5893847287777777,5.197359304592593,High Risk,Global Vendor P0049_S1,Global
P0049_S2,Colombia,0.5893847287777777,5.197359304592593,High Risk,Global Vendor P0049_S2,Global
P0049_S3,Russia,0.5893847287777777,5.197359304592593,High Risk,Global Vendor P0049_S3,Global
P0049_S4,South Korea,0.5893847287777777,5.197359304592593,High Risk,Global Vendor P0049_S4,Global
P0049_S5,Japan,0.5893847287777777,5.197359304592593,High Risk,Global Vendor P0049_S5,Global
P0050_S1,North Macedonia,0.564040658137931,5.039828008241379,High Risk,Global Vendor P0050_S1,Global
P0050_S2,Papua New Guinea,0.564040658137931,5.039828008241379,High Risk,Global Vendor P0050_S2,Global
P0050_S3,Poland,0.564040658137931,5.039828008241379,High Risk,Global Vendor P0050_S3,Global
P0050_S4,Hungary,0.564040658137931,5.039828008241379,High Risk,Global Vendor P0050_S4,Global
P0051_S1,Qatar,0.38438220596551725,5.418587179137932,High Risk,Global Vendor P0051_S1,GCC
P0051_S2,Mexico,0.38438220596551725,5.418587179137932,High Risk,Global Vendor P0051_S2,Global
P0052_S1,Japan,0.5180086907916667,6.37269053525,High Risk,Global Vendor P0052_S1,Global
P0052_S2,Colombia,0.5180086907916667,6.37269053525,High Risk,Global Vendor P0052_S2,Global
P0052_S3,Slovakia,0.5180086907916667,6.37269053525,High Risk,Global Vendor P0052_S3,Global
P0053_S1,Fiji,0.4995895353939394,6.7620710689090915,High Risk,Global Vendor P0053_S1,Global
P0053_S2,Trinidad and Tobago,0.4995895353939394,6.7620710689090915,High Risk,Global Vendor P0053_S2,Global
P0053_S3,Germany,0.4995895353939394,6.7620710689090915,High Risk,Global Vendor P0053_S3,Global
P0053_S4,Israel,0.4995895353939394,6.7620710689090915,High Risk,Global Vendor P0053_S4,Global
P0054_S1,Denmark,0.5789788244074073,5.772527226259259,High Risk,Global Vendor P0054_S1,Global
P0054_S2,Iran,0.5789788244074073,5.772527226259259,High Risk,Global Vendor P0054_S2,Global
P0054_S3,Senegal,0.5789788244074073,5.772527226259259,High Risk,Global Vendor P0054_S3,Global
P0054_S4,Papua New Guinea,0.5789788244074073,5.772527226259259,High Risk,Global Vendor P0054_S4,Global
P0055_S1,Philippines,0.40358773173076923,6.002770001884615,High Risk,Global Vendor P0055_S1,Global
P0055_S2,Iraq,0.40358773173076923,6.002770001884615,High Risk,Global Vendor P0055_S2,Global
P0055_S3,Bangladesh,0.40358773173076923,6.002770001884615,High Risk,Global Vendor P0055_S3,South Asia
P0056_S1,Italy,0.4324077487741936,5.574894508548388,High Risk,Global Vendor P0056_S1,Global
P0056_S2,Vietnam,0.4324077487741936,5.574894508548388,High Risk,Global Vendor P0056_S2,Global
P0057_S1,Jamaica,0.4870313988823529,5.21963478282353,High Risk,Global Vendor P0057_S1,Global
P0057_S2,Ukraine,0.4870313988823529,5.21963478282353,High Risk,Global Vendor P0057_S2,Global
P0057_S3,Serbia,0.4870313988823529,5.21963478282353,High Risk,Global Vendor P0057_S3,Global
P0057_S4,Turkmenistan,0.4870313988823529,5.21963478282353,High Risk,Global Vendor P0057_S4,Global
P0057_S5,Australia,0.4870313988823529,5.21963478282353,High Risk,Global Vendor P0057_S5,Global
P0058_S1,Georgia,0.530212162,5.201502262846153,High Risk,Global Vendor P0058_S1,Global
P0058_S2,Chile,0.530212162,5.201502262846153,High Risk,Global Vendor P0058_S2,Global
P0059_S1,USA,0.5255555475806452,4.314967078129032,High Risk,Global Vendor P0059_S1,Global
P0059_S2,Ecuador,0.5255555475806452,4.314967078129032,High Risk,Global Vendor P0059_S2,Global
P0060_S1,Hungary,0.5907008150666666,5.571464763933333,High Risk,Global Vendor P0060_S1,Global
P0060_S2,Switzerland,0.5907008150666666,5.571464763933333,High Risk,Global Vendor P0060_S2,Global
P0060_S3,Ukraine,0.5907008150666666,5.571464763933333,High Risk,Global Vendor P0060_S3,Global
P0060_S4,Colombia,0.5907008150666666,5.571464763933333,High Risk,Global Vendor P0060_S4,Global
P0060_S5,Germany,0.5907008150666666,5.571464763933333,High Risk,Global Vendor P0060_S5,Global
P0061_S1,Guatemala,0.3746759559583333,5.5744448725,High Risk,Global Vendor P0061_S1,Global
P0061_S2,Dominican Republic,0.3746759559583333,5.5744448725,High Risk,Global Vendor P0061_S2,Global
P0061_S3,Uzbekistan,0.3746759559583333,5.5744448725,High Risk,Global Vendor P0061_S3,Global
P0061_S4,Haiti,0.3746759559583333,5.5744448725,High Risk,Global Vendor P0061_S4,Global
P0062_S1,Jamaica,0.44233896408333334,5.078898125388889,High Risk,Global Vendor P0062_S1,Global
P0062_S2,Trinidad and Tobago,0.44233896408333334,5.078898125388889,High Risk,Global Vendor P0062_S2,Global
P0063_S1,Panama,0.45125561365,5.3847908449999995,High Risk,Global Vendor P0063_S1,Global
P0063_S2,Tunisia,0.45125561365,5.3847908449999995,High Risk,Global Vendor P0063_S2,Global
P0063_S3,Kyrgyzstan,0.45125561365,5.3847908449999995,High Risk,Global Vendor P0063_S3,Global
P0063_S4,Singapore,0.45125561365,5.3847908449999995,High Risk,Global Vendor P0063_S4,Global
P0064_S1,Philippines,0.49768844056666667,3.5556947407333337,High Risk,Global Vendor P0064_S1,Global
P0064_S2,Papua New Guinea,0.49768844056666667,3.5556947407333337,High Risk,Global Vendor P0064_S2,Global
P0065_S1,Vietnam,0.5920281655588235,5.67901113882353,High Risk,Global Vendor P0065_S1,Global
P0065_S2,Ethiopia,0.5920281655588235,5.67901113882353,High Risk,Global Vendor P0065_S2,Global
P0065_S3,Germany,0.5920281655588235,5.67901113882353,High Risk,Global Vendor P0065_S3,Global
P0065_S4,Tunisia,0.5920281655588235,5.67901113882353,High Risk,Global Vendor P0065_S4,Global
P0066_S1,Italy,0.43120993140625,5.4299151194375,High Risk,Global Vendor P0066_S1,Global
P0066_S2,Azerbaijan,0.43120993140625,5.4299151194375,High Risk,Global Vendor P0066_S2,Global
P0066_S3,Kenya,0.43120993140625,5.4299151194375,High Risk,Global Vendor P0066_S3,Global
P0067_S1,Norway,0.48983500645,5.5815459035,High Risk,Global Vendor P0067_S1,Global
P0067_S2,Colombia,0.48983500645,5.5815459035,High Risk,Global Vendor P0067_S2,Global
P0067_S3,Chile,0.48983500645,5.5815459035,High Risk,Global Vendor P0067_S3,Global
P0067_S4,Ethiopia,0.48983500645,5.5815459035,High Risk,Global Vendor P0067_S4,Global
P0068_S1,Australia,0.541916886882353,6.0687414262941175,High Risk,Global Vendor P0068_S1,Global
P0068_S2,Colombia,0.541916886882353,6.0687414262941175,High Risk,Global Vendor P0068_S2,Global
P0069_S1,Jordan,0.47104800652,4.47617040896,High Risk,Global Vendor P0069_S1,Global
P0069_S2,USA,0.47104800652,4.47617040896,High Risk,Global Vendor P0069_S2,Global
P0069_S3,Russia,0.47104800652,4.47617040896,High Risk,Global Vendor P0069_S3,Global
P0069_S4,Vietnam,0.47104800652,4.47617040896,High Risk,Global Vendor P0069_S4,Global
P0070_S1,Ecuador,0.5475011692647059,6.704515969382353,High Risk,Global Vendor P0070_S1,Global
P0070_S2,UAE,0.5475011692647059,6.704515969382353,High Risk,Global Vendor P0070_S2,GCC
P0071_S1,Belgium,0.4644853555,5.79678274615625,High Risk,Global Vendor P0071_S1,Global
P0071_S2,Italy,0.4644853555,5.79678274615625,High Risk,Global Vendor P0071_S2,Global
P0071_S3,Thailand,0.4644853555,5.79678274615625,High Risk,Global Vendor P0071_S3,Global
P0071_S4,Singapore,0.4644853555,5.79678274615625,High Risk,Global Vendor P0071_S4,Global
P0071_S5,Bolivia,0.4644853555,5.79678274615625,High Risk,Global Vendor P0071_S5,Global
P0072_S1,UK,0.51376651221875,4.8960517639375,High Risk,Global Vendor P0072_S1,Global
P0072_S2,South Korea,0.51376651221875,4.8960517639375,High Risk,Global Vendor P0072_S2,Global
P0072_S3,Ghana,0.51376651221875,4.8960517639375,High Risk,Global Vendor P0072_S3,Global
P0073_S1,Indonesia,0.44585780930769225,4.706234286884615,High Risk,Global Vendor P0073_S1,Global
P0073_S2,Haiti,0.44585780930769225,4.706234286884615,High Risk,Global Vendor P0073_S2,Global
P0073_S3,Thailand,0.44585780930769225,4.706234286884615,High Risk,Global Vendor P0073_S3,Global
P0074_S1,Denmark,0.506161643617647,5.295668690882353,High Risk,Global Vendor P0074_S1,Global
P0074_S2,Qatar,0.506161643617647,5.295668690882353,High Risk,Global Vendor P0074_S2,GCC
P0075_S1,Sri Lanka,0.5647481792962963,4.332196678888889,High Risk,Global Vendor P0075_S1,South Asia
P0075_S2,UK,0.5647481792962963,4.332196678888889,High Risk,Global Vendor P0075_S2,Global
P0075_S3,Japan,0.5647481792962963,4.332196678888889,High Risk,Global Vendor P0075_S3,Global
P0076_S1,Panama,0.5294140133214286,5.310506399571429,High Risk,Global Vendor P0076_S1,Global
P0076_S2,Norway,0.5294140133214286,5.310506399571429,High Risk,Global Vendor P0076_S2,Global
P0077_S1,Serbia,0.39819886615625,6.01372957859375,High Risk,Global Vendor P0077_S1,Global
P0077_S2,Tunisia,0.39819886615625,6.01372957859375,High Risk,Global Vendor P0077_S2,Global
P0077_S3,Russia,0.39819886615625,6.01372957859375,High Risk,Global Vendor P0077_S3,Global
P0077_S4,Saudi Arabia,0.39819886615625,6.01372957859375,High Risk,Global Vendor P0077_S4,GCC
P0078_S1,Ethiopia,0.5746541278064515,4.8331199374193545,High Risk,Global Vendor P0078_S1,Global
P0078_S2,Serbia,0.5746541278064515,4.8331199374193545,High Risk,Global Vendor P0078_S2,Global
P0078_S3,Turkey,0.5746541278064515,4.8331199374193545,High Risk,Global Vendor P0078_S3,Global
P0078_S4,Iran,0.5746541278064515,4.8331199374193545,High Risk,Global Vendor P0078_S4,Global
P0079_S1,Singapore,0.4047423958064516,6.860790799709678,High Risk,Global Vendor P0079_S1,Global
P0079_S2,Russia,0.4047423958064516,6.860790799709678,High Risk,Global Vendor P0079_S2,Global
P0079_S3,Kazakhstan,0.4047423958064516,6.860790799709678,High Risk,Global Vendor P0079_S3,Global
P0080_S1,India,0.4839958157942857,5.1757133334,High Risk,Global Vendor P0080_S1,South Asia
P0080_S2,Germany,0.4839958157942857,5.1757133334,High Risk,Global Vendor P0080_S2,Global
P0081_S1,Hungary,0.4779847958787879,5.98288216569697,High Risk,Global Vendor P0081_S1,Global
P0081_S2,Laos,0.4779847958787879,5.98288216569697,High Risk,Global Vendor P0081_S2,Global
P0081_S3,Costa Rica,0.4779847958787879,5.98288216569697,High Risk,Global Vendor P0081_S3,Global
P0081_S4,Israel,0.4779847958787879,5.98288216569697,High Risk,Global Vendor P0081_S4,Global
P0081_S5,Guatemala,0.4779847958787879,5.98288216569697,High Risk,Global Vendor P0081_S5,Global
P0082_S1,Portugal,0.516260481075,4.186526434625,High Risk,Global Vendor P0082_S1,Global
P0082_S2,Armenia,0.516260481075,4.186526434625,High Risk,Global Vendor P0082_S2,Global
P0082_S3,Senegal,0.516260481075,4.186526434625,High Risk,Global Vendor P0082_S3,Global
P0082_S4,Indonesia,0.516260481075,4.186526434625,High Risk,Global Vendor P0082_S4,Global
P0083_S1,Ecuador,0.4473221886153846,5.013502809,High Risk,Global Vendor P0083_S1,Global
P0083_S2,Fiji,0.4473221886153846,5.013502809,High Risk,Global Vendor P0083_S2,Global
P0083_S3,UK,0.4473221886153846,5.013502809,High Risk,Global Vendor P0083_S3,Global
P0083_S4,Israel,0.4473221886153846,5.013502809,High Risk,Global Vendor P0083_S4,Global
P0084_S1,Nepal,0.5370026681794872,4.509122650948718,High Risk,Global Vendor P0084_S1,South Asia
P0084_S2,Serbia,0.5370026681794872,4.509122650948718,High Risk,Global Vendor P0084_S2,Global
P0084_S3,Philippines,0.5370026681794872,4.509122650948718,High Risk,Global Vendor P0084_S3,Global
P0084_S4,Costa Rica,0.5370026681794872,4.509122650948718,High Risk,Global Vendor P0084_S4,Global
P0084_S5,Iraq,0.5370026681794872,4.509122650948718,High Risk,Global Vendor P0084_S5,Global
P0085_S1,Algeria,0.5594002563793103,5.452456497310345,High Risk,Global Vendor P0085_S1,Global
P0085_S2,Egypt,0.5594002563793103,5.452456497310345,High Risk,Global Vendor P0085_S2,Global
P0085_S3,USA,0.5594002563793103,5.452456497310345,High Risk,Global Vendor P0085_S3,Global
P0085_S4,UK,0.5594002563793103,5.452456497310345,High Risk,Global Vendor P0085_S4,Global
P0086_S1,Haiti,0.4991897330731707,4.657652245414634,High Risk,Global Vendor P0086_S1,Global
P0086_S2,Cuba,0.4991897330731707,4.657652245414634,High Risk,Global Vendor P0086_S2,Global
P0086_S3,Switzerland,0.4991897330731707,4.657652245414634,High Risk,Global Vendor P0086_S3,Global
P0087_S1,Finland,0.45100675948,4.49725056832,High Risk,Global Vendor P0087_S1,Global
P0087_S2,Portugal,0.45100675948,4.49725056832,High Risk,Global Vendor P0087_S2,Global
P0088_S1,South Africa,0.5167424660789474,4.570756058631579,High Risk,Global Vendor P0088_S1,Global
P0088_S2,Ghana,0.5167424660789474,4.570756058631579,High Risk,Global Vendor P0088_S2,Global
P0088_S3,Azerbaijan,0.5167424660789474,4.570756058631579,High Risk,Global Vendor P0088_S3,Global
P0089_S1,Armenia,0.5098049516296297,5.184176681370371,High Risk,Global Vendor P0089_S1,Global
P0089_S2,Panama,0.5098049516296297,5.184176681370371,High Risk,Global Vendor P0089_S2,Global
P0089_S3,Trinidad and Tobago,0.5098049516296297,5.184176681370371,High Risk,Global Vendor P0089_S3,Global
P0089_S4,Romania,0.5098049516296297,5.184176681370371,High Risk,Global Vendor P0089_S4,Global
P0089_S5,Morocco,0.5098049516296297,5.184176681370371,High Risk,Global Vendor P0089_S5,Global
P0090_S1,India,0.5129986214074074,4.668955037111111,High Risk,Global Vendor P0090_S1,South Asia
P0090_S2,Netherlands,0.5129986214074074,4.668955037111111,High Risk,Global Vendor P0090_S2,Global
P0090_S3,Georgia,0.5129986214074074,4.668955037111111,High Risk,Global Vendor P0090_S3,Global
P0090_S4,Colombia,0.5129986214074074,4.668955037111111,High Risk,Global Vendor P0090_S4,Global
P0091_S1,Turkmenistan,0.555945314625,3.9536742632500004,High Risk,Global Vendor P0091_S1,Global
P0091_S2,Argentina,0.555945314625,3.9536742632500004,High Risk,Global Vendor P0091_S2,Global
P0091_S3,Trinidad and Tobago,0.555945314625,3.9536742632500004,High Risk,Global Vendor P0091_S3,Global
P0091_S4,Iraq,0.555945314625,3.9536742632500004,High Risk,Global Vendor P0091_S4,Global
P0091_S5,Ethiopia,0.555945314625,3.9536742632500004,High Risk,Global Vendor P0091_S5,Global
P0092_S1,Poland,0.5034426084444444,5.947282760388889,High Risk,Global Vendor P0092_S1,Global
P0092_S2,Myanmar,0.5034426084444444,5.947282760388889,High Risk,Global Vendor P0092_S2,Global
P0092_S3,Ireland,0.5034426084444444,5.947282760388889,High Risk,Global Vendor P0092_S3,Global
P0092_S4,Dominican Republic,0.5034426084444444,5.947282760388889,High Risk,Global Vendor P0092_S4,Global
P0093_S1,USA,0.521947186862069,4.746241564724138,High Risk,Global Vendor P0093_S1,Global
P0093_S2,Cambodia,0.521947186862069,4.746241564724138,High Risk,Global Vendor P0093_S2,Global
P0093_S3,Vietnam,0.521947186862069,4.746241564724138,High Risk,Global Vendor P0093_S3,Global
P0093_S4,Uzbekistan,0.521947186862069,4.746241564724138,High Risk,Global Vendor P0093_S4,Global
P0094_S1,South Africa,0.5183774827777777,5.797437773111111,High Risk,Global Vendor P0094_S1,Global
P0094_S2,Senegal,0.5183774827777777,5.797437773111111,High Risk,Global Vendor P0094_S2,Global
P0094_S3,Nigeria,0.5183774827777777,5.797437773111111,High Risk,Global Vendor P0094_S3,Global
P0094_S4,Algeria,0.5183774827777777,5.797437773111111,High Risk,Global Vendor P0094_S4,Global
P0095_S1,Costa Rica,0.5366481313157895,4.826035029394737,High Risk,Global Vendor P0095_S1,Global
P0095_S2,Japan,0.5366481313157895,4.826035029394737,High Risk,Global Vendor P0095_S2,Global
P0095_S3,UK,0.5366481313157895,4.826035029394737,High Risk,Global Vendor P0095_S3,Global
P0095_S4,Netherlands,0.5366481313157895,4.826035029394737,High Risk,Global Vendor P0095_S4,Global
P0095_S5,China,0.5366481313157895,4.826035029394737,High Risk,Global Vendor P0095_S5,Global
P0096_S1,Uruguay,0.45075677004347825,5.910636642391305,High Risk,Global Vendor P0096_S1,Global
P0096_S2,Netherlands,0.45075677004347825,5.910636642391305,High Risk,Global Vendor P0096_S2,Global
P0096_S3,Azerbaijan,0.45075677004347825,5.910636642391305,High Risk,Global Vendor P0096_S3,Global
P0096_S4,Trinidad and Tobago,0.45075677004347825,5.910636642391305,High Risk,Global Vendor P0096_S4,Global
P0096_S5,Romania,0.45075677004347825,5.910636642391305,High Risk,Global Vendor P0096_S5,Global
P0097_S1,Germany,0.5905916879444445,4.569259445111111,High Risk,Global Vendor P0097_S1,Global
P0097_S2,Portugal,0.5905916879444445,4.569259445111111,High Risk,Global Vendor P0097_S2,Global
P0098_S1,New Zealand,0.5812808430285714,5.431859342942857,High Risk,Global Vendor P0098_S1,Global
P0098_S2,Trinidad and Tobago,0.5812808430285714,5.431859342942857,High Risk,Global Vendor P0098_S2,Global
P0098_S3,Serbia,0.5812808430285714,5.431859342942857,High Risk,Global Vendor P0098_S3,Global
P0098_S4,Senegal,0.5812808430285714,5.431859342942857,High Risk,Global Vendor P0098_S4,Global
P0098_S5,Georgia,0.5812808430285714,5.431859342942857,High Risk,Global Vendor P0098_S5,Global
P0099_S1,Laos,0.467757809972973,5.027432637567568,High Risk,Global Vendor P0099_S1,Global
P0099_S2,Cambodia,0.467757809972973,5.027432637567568,High Risk,Global Vendor P0099_S2,Global
P0099_S3,Kyrgyzstan,0.467757809972973,5.027432637567568,High Risk,Global Vendor P0099_S3,Global
P0099_S4,Austria,0.467757809972973,5.027432637567568,High Risk,Global Vendor P0099_S4,Global
P0100_S1,UAE,0.47502082925,5.05854217265,High Risk,Global Vendor P0100_S1,GCC
P0100_S2,Colombia,0.47502082925,5.05854217265,High Risk,Global Vendor P0100_S2,Global
P0101_S1,Papua New Guinea,0.38747064747222226,5.064157000194445,High Risk,Global Vendor P0101_S1,Global
P0101_S2,Israel,0.38747064747222226,5.064157000194445,High Risk,Global Vendor P0101_S2,Global
P0101_S3,UK,0.38747064747222226,5.064157000194445,High Risk,Global Vendor P0101_S3,Global
P0101_S4,Brazil,0.38747064747222226,5.064157000194445,High Risk,Global Vendor P0101_S4,Global
P0101_S5,Jordan,0.38747064747222226,5.064157000194445,High Risk,Global Vendor P0101_S5,Global
P0102_S1,Myanmar,0.52093164034375,5.07961090440625,High Risk,Global Vendor P0102_S1,Global
P0102_S2,Portugal,0.52093164034375,5.07961090440625,High Risk,Global Vendor P0102_S2,Global
P0102_S3,Vietnam,0.52093164034375,5.07961090440625,High Risk,Global Vendor P0102_S3,Global
P0103_S1,Sweden,0.5408581973076922,4.992403348948717,High Risk,Global Vendor P0103_S1,Global
P0103_S2,Netherlands,0.5408581973076922,4.992403348948717,High Risk,Global Vendor P0103_S2,Global
P0103_S3,Armenia,0.5408581973076922,4.992403348948717,High Risk,Global Vendor P0103_S3,Global
P0103_S4,Israel,0.5408581973076922,4.992403348948717,High Risk,Global Vendor P0103_S4,Global
P0103_S5,UK,0.5408581973076922,4.992403348948717,High Risk,Global Vendor P0103_S5,Global
P0104_S1,Slovakia,0.566022695117647,4.160876045264706,High Risk,Global Vendor P0104_S1,Global
P0104_S2,Austria,0.566022695117647,4.160876045264706,High Risk,Global Vendor P0104_S2,Global
P0104_S3,Ukraine,0.566022695117647,4.160876045264706,High Risk,Global Vendor P0104_S3,Global
P0105_S1,India,0.55574283596,5.9941771698,High Risk,Global Vendor P0105_S1,South Asia
P0105_S2,Trinidad and Tobago,0.55574283596,5.9941771698,High Risk,Global Vendor P0105_S2,Global
P0105_S3,Singapore,0.55574283596,5.9941771698,High Risk,Global Vendor P0105_S3,Global
P0106_S1,Turkmenistan,0.5913751214848485,5.369648613454545,High Risk,Global Vendor P0106_S1,Global
P0106_S2,Trinidad and Tobago,0.5913751214848485,5.369648613454545,High Risk,Global Vendor P0106_S2,Global
P0106_S3,Azerbaijan,0.5913751214848485,5.369648613454545,High Risk,Global Vendor P0106_S3,Global
P0106_S4,Singapore,0.5913751214848485,5.369648613454545,High Risk,Global Vendor P0106_S4,Global
P0106_S5,Haiti,0.5913751214848485,5.369648613454545,High Risk,Global Vendor P0106_S5,Global
P0107_S1,Italy,0.5449480404186047,4.564141891186046,High Risk,Global Vendor P0107_S1,Global
P0107_S2,Tunisia,0.5449480404186047,4.564141891186046,High Risk,Global Vendor P0107_S2,Global
P0107_S3,Ireland,0.5449480404186047,4.564141891186046,High Risk,Global Vendor P0107_S3,Global
P0108_S1,Pakistan,0.42934299800000003,5.043419236742857,High Risk,Global Vendor P0108_S1,South Asia
P0108_S2,Indonesia,0.42934299800000003,5.043419236742857,High Risk,Global Vendor P0108_S2,Global
P0108_S3,Bangladesh,0.42934299800000003,5.043419236742857,High Risk,Global Vendor P0108_S3,South Asia
P0108_S4,Laos,0.42934299800000003,5.043419236742857,High Risk,Global Vendor P0108_S4,Global
P0109_S1,Ireland,0.5367854162424243,4.781471875545455,High Risk,Global Vendor P0109_S1,Global
P0109_S2,Iran,0.5367854162424243,4.781471875545455,High Risk,Global Vendor P0109_S2,Global
P0109_S3,Saudi Arabia,0.5367854162424243,4.781471875545455,High Risk,Global Vendor P0109_S3,GCC
P0110_S1,Denmark,0.6008291655714286,5.8475690875,High Risk,Global Vendor P0110_S1,Global
P0110_S2,Japan,0.6008291655714286,5.8475690875,High Risk,Global Vendor P0110_S2,Global
P0111_S1,Austria,0.5050311615789473,4.644151238842105,High Risk,Global Vendor P0111_S1,Global
P0111_S2,Mexico,0.5050311615789473,4.644151238842105,High Risk,Global Vendor P0111_S2,Global
P0111_S3,Iraq,0.5050311615789473,4.644151238842105,High Risk,Global Vendor P0111_S3,Global
P0112_S1,Switzerland,0.5023157352692308,4.689189410884615,High Risk,Global Vendor P0112_S1,Global
P0112_S2,Colombia,0.5023157352692308,4.689189410884615,High Risk,Global Vendor P0112_S2,Global
P0112_S3,Singapore,0.5023157352692308,4.689189410884615,High Risk,Global Vendor P0112_S3,Global
P0113_S1,Peru,0.45964862871875,4.505920688625,High Risk,Global Vendor P0113_S1,Global
P0113_S2,UK,0.45964862871875,4.505920688625,High Risk,Global Vendor P0113_S2,Global
P0114_S1,Jordan,0.3894966743666667,4.808400601833333,High Risk,Global Vendor P0114_S1,Global
P0114_S2,Slovakia,0.3894966743666667,4.808400601833333,High Risk,Global Vendor P0114_S2,Global
P0115_S1,Morocco,0.5314395815454545,5.575257761272727,High Risk,Global Vendor P0115_S1,Global
P0115_S2,Kenya,0.5314395815454545,5.575257761272727,High Risk,Global Vendor P0115_S2,Global
P0115_S3,Jordan,0.5314395815454545,5.575257761272727,High Risk,Global Vendor P0115_S3,Global
P0115_S4,Laos,0.5314395815454545,5.575257761272727,High Risk,Global Vendor P0115_S4,Global
P0116_S1,Netherlands,0.5758739139142857,4.315048339971429,High Risk,Global Vendor P0116_S1,Global
P0116_S2,Oman,0.5758739139142857,4.315048339971429,High Risk,Global Vendor P0116_S2,GCC
P0116_S3,Spain,0.5758739139142857,4.315048339971429,High Risk,Global Vendor P0116_S3,Global
P0116_S4,Iraq,0.5758739139142857,4.315048339971429,High Risk,Global Vendor P0116_S4,Global
P0117_S1,Romania,0.6110278687297298,4.446157917945945,High Risk,Global Vendor P0117_S1,Global
P0117_S2,Tunisia,0.6110278687297298,4.446157917945945,High Risk,Global Vendor P0117_S2,Global
P0117_S3,Ethiopia,0.6110278687297298,4.446157917945945,High Risk,Global Vendor P0117_S3,Global
P0117_S4,Philippines,0.6110278687297298,4.446157917945945,High Risk,Global Vendor P0117_S4,Global
P0118_S1,Ukraine,0.43036413,6.757966169212121,High Risk,Global Vendor P0118_S1,Global
P0118_S2,Iraq,0.43036413,6.757966169212121,High Risk,Global Vendor P0118_S2,Global
P0119_S1,Argentina,0.5057570075600001,5.81840466396,High Risk,Global Vendor P0119_S1,Global
P0119_S2,Qatar,0.5057570075600001,5.81840466396,High Risk,Global Vendor P0119_S2,GCC
P0119_S3,North Macedonia,0.5057570075600001,5.81840466396,High Risk,Global Vendor P0119_S3,Global
P0119_S4,China,0.5057570075600001,5.81840466396,High Risk,Global Vendor P0119_S4,Global
P0119_S5,Switzerland,0.5057570075600001,5.81840466396,High Risk,Global Vendor P0119_S5,Global
P0120_S1,Vietnam,0.38559736713157894,5.800923477,High Risk,Global Vendor P0120_S1,Global
P0120_S2,Georgia,0.38559736713157894,5.800923477,High Risk,Global Vendor P0120_S2,Global
P0120_S3,Egypt,0.38559736713157894,5.800923477,High Risk,Global Vendor P0120_S3,Global
P0120_S4,Ghana,0.38559736713157894,5.800923477,High Risk,Global Vendor P0120_S4,Global
P0121_S1,Russia,0.6128707587200001,3.9210217732,High Risk,Global Vendor P0121_S1,Global
P0121_S2,Romania,0.6128707587200001,3.9210217732,High Risk,Global Vendor P0121_S2,Global
P0122_S1,Ireland,0.525572073875,5.635174107125,High Risk,Global Vendor P0122_S1,Global
P0122_S2,North Macedonia,0.525572073875,5.635174107125,High Risk,Global Vendor P0122_S2,Global
P0122_S3,Georgia,0.525572073875,5.635174107125,High Risk,Global Vendor P0122_S3,Global
P0122_S4,Trinidad and Tobago,0.525572073875,5.635174107125,High Risk,Global Vendor P0122_S4,Global
P0123_S1,Pakistan,0.5684610472068966,6.130833571448276,High Risk,Global Vendor P0123_S1,South Asia
P0123_S2,Cambodia,0.5684610472068966,6.130833571448276,High Risk,Global Vendor P0123_S2,Global
P0123_S3,Nigeria,0.5684610472068966,6.130833571448276,High Risk,Global Vendor P0123_S3,Global
P0123_S4,Slovakia,0.5684610472068966,6.130833571448276,High Risk,Global Vendor P0123_S4,Global
P0123_S5,North Macedonia,0.5684610472068966,6.130833571448276,High Risk,Global Vendor P0123_S5,Global
P0124_S1,Algeria,0.5861299589393939,4.496320764939394,High Risk,Global Vendor P0124_S1,Global
P0124_S2,UK,0.5861299589393939,4.496320764939394,High Risk,Global Vendor P0124_S2,Global
P0124_S3,Trinidad and Tobago,0.5861299589393939,4.496320764939394,High Risk,Global Vendor P0124_S3,Global
P0124_S4,Cambodia,0.5861299589393939,4.496320764939394,High Risk,Global Vendor P0124_S4,Global
P0124_S5,Portugal,0.5861299589393939,4.496320764939394,High Risk,Global Vendor P0124_S5,Global
P0125_S1,Uruguay,0.6007984053846154,4.985228880205128,High Risk,Global Vendor P0125_S1,Global
P0125_S2,Cambodia,0.6007984053846154,4.985228880205128,High Risk,Global Vendor P0125_S2,Global
P0126_S1,Kenya,0.45825620933333333,4.322085533952381,High Risk,Global Vendor P0126_S1,Global
P0126_S2,Spain,0.45825620933333333,4.322085533952381,High Risk,Global Vendor P0126_S2,Global
P0126_S3,Bulgaria,0.45825620933333333,4.322085533952381,High Risk,Global Vendor P0126_S3,Global
P0127_S1,India,0.4869085194375,4.8194604460312505,High Risk,Global Vendor P0127_S1,South Asia
P0127_S2,Iraq,0.4869085194375,4.8194604460312505,High Risk,Global Vendor P0127_S2,Global
P0127_S3,China,0.4869085194375,4.8194604460312505,High Risk,Global Vendor P0127_S3,Global
P0127_S4,Bulgaria,0.4869085194375,4.8194604460312505,High Risk,Global Vendor P0127_S4,Global
P0127_S5,Ecuador,0.4869085194375,4.8194604460312505,High Risk,Global Vendor P0127_S5,Global
P0128_S1,Slovakia,0.5344661492972973,5.020131194486487,High Risk,Global Vendor P0128_S1,Global
P0128_S2,Ghana,0.5344661492972973,5.020131194486487,High Risk,Global Vendor P0128_S2,Global
P0128_S3,Iran,0.5344661492972973,5.020131194486487,High Risk,Global Vendor P0128_S3,Global
P0128_S4,Russia,0.5344661492972973,5.020131194486487,High Risk,Global Vendor P0128_S4,Global
P0128_S5,Switzerland,0.5344661492972973,5.020131194486487,High Risk,Global Vendor P0128_S5,Global
P0129_S1,USA,0.4517792856363636,6.231210085939394,High Risk,Global Vendor P0129_S1,Global
P0129_S2,Ecuador,0.4517792856363636,6.231210085939394,High Risk,Global Vendor P0129_S2,Global
P0129_S3,Kazakhstan,0.4517792856363636,6.231210085939394,High Risk,Global Vendor P0129_S3,Global
P0130_S1,Morocco,0.5784391784074074,6.263382969074074,High Risk,Global Vendor P0130_S1,Global
P0130_S2,Finland,0.5784391784074074,6.263382969074074,High Risk,Global Vendor P0130_S2,Global
P0131_S1,Trinidad and Tobago,0.5028481789512195,5.1105614746097565,High Risk,Global Vendor P0131_S1,Global
P0131_S2,Poland,0.5028481789512195,5.1105614746097565,High Risk,Global Vendor P0131_S2,Global
P0132_S1,Indonesia,0.4709394335517242,5.447936536379311,High Risk,Global Vendor P0132_S1,Global
P0132_S2,Bangladesh,0.4709394335517242,5.447936536379311,High Risk,Global Vendor P0132_S2,South Asia
P0132_S3,Pakistan,0.4709394335517242,5.447936536379311,High Risk,Global Vendor P0132_S3,South Asia
P0132_S4,Sri Lanka,0.4709394335517242,5.447936536379311,High Risk,Global Vendor P0132_S4,South Asia
P0133_S1,Brazil,0.6020157980370371,6.202828849074074,High Risk,Global Vendor P0133_S1,Global
P0133_S2,Ghana,0.6020157980370371,6.202828849074074,High Risk,Global Vendor P0133_S2,Global
P0134_S1,Ukraine,0.5423291352058823,5.216227547823529,High Risk,Global Vendor P0134_S1,Global
P0134_S2,Fiji,0.5423291352058823,5.216227547823529,High Risk,Global Vendor P0134_S2,Global
P0135_S1,Ghana,0.48331567045161294,4.64979898648387,High Risk,Global Vendor P0135_S1,Global
P0135_S2,Ukraine,0.48331567045161294,4.64979898648387,High Risk,Global Vendor P0135_S2,Global
P0135_S3,Ecuador,0.48331567045161294,4.64979898648387,High Risk,Global Vendor P0135_S3,Global
P0135_S4,Brazil,0.48331567045161294,4.64979898648387,High Risk,Global Vendor P0135_S4,Global
P0135_S5,Cambodia,0.48331567045161294,4.64979898648387,High Risk,Global Vendor P0135_S5,Global
P0136_S1,Chile,0.5189815638064517,3.568810827516129,High Risk,Global Vendor P0136_S1,Global
P0136_S2,Russia,0.5189815638064517,3.568810827516129,High Risk,Global Vendor P0136_S2,Global
P0136_S3,Hungary,0.5189815638064517,3.568810827516129,High Risk,Global Vendor P0136_S3,Global
P0136_S4,Egypt,0.5189815638064517,3.568810827516129,High Risk,Global Vendor P0136_S4,Global
P0137_S1,Ukraine,0.46356565680769235,5.80318917876923,High Risk,Global Vendor P0137_S1,Global
P0137_S2,Saudi Arabia,0.46356565680769235,5.80318917876923,High Risk,Global Vendor P0137_S2,GCC
P0138_S1,Panama,0.46887667994285714,5.824113371028571,High Risk,Global Vendor P0138_S1,Global
P0138_S2,Bosnia and Herzegovina,0.46887667994285714,5.824113371028571,High Risk,Global Vendor P0138_S2,Global
P0138_S3,Poland,0.46887667994285714,5.824113371028571,High Risk,Global Vendor P0138_S3,Global
P0138_S4,Cambodia,0.46887667994285714,5.824113371028571,High Risk,Global Vendor P0138_S4,Global
P0139_S1,Algeria,0.44048720503571426,4.843207699071429,High Risk,Global Vendor P0139_S1,Global
P0139_S2,Egypt,0.44048720503571426,4.843207699071429,High Risk,Global Vendor P0139_S2,Global
P0139_S3,Kyrgyzstan,0.44048720503571426,4.843207699071429,High Risk,Global Vendor P0139_S3,Global
P0139_S4,Kenya,0.44048720503571426,4.843207699071429,High Risk,Global Vendor P0139_S4,Global
P0139_S5,Serbia,0.44048720503571426,4.843207699071429,High Risk,Global Vendor P0139_S5,Global
P0140_S1,Portugal,0.47112056985714285,4.3359042573333335,High Risk,Global Vendor P0140_S1,Global
P0140_S2,Kyrgyzstan,0.47112056985714285,4.3359042573333335,High Risk,Global Vendor P0140_S2,Global
P0141_S1,South Africa,0.5576581134054054,4.7766520096486484,High Risk,Global Vendor P0141_S1,Global
P0141_S2,UAE,0.5576581134054054,4.7766520096486484,High Risk,Global Vendor P0141_S2,GCC
P0142_S1,USA,0.4469945571612903,6.323234227935483,High Risk,Global Vendor P0142_S1,Global
P0142_S2,Colombia,0.4469945571612903,6.323234227935483,High Risk,Global Vendor P0142_S2,Global
P0142_S3,Ireland,0.4469945571612903,6.323234227935483,High Risk,Global Vendor P0142_S3,Global
P0143_S1,Italy,0.49480745225,4.595782721214285,High Risk,Global Vendor P0143_S1,Global
P0143_S2,Kenya,0.49480745225,4.595782721214285,High Risk,Global Vendor P0143_S2,Global
P0143_S3,Brazil,0.49480745225,4.595782721214285,High Risk,Global Vendor P0143_S3,Global
P0144_S1,Saudi Arabia,0.556897995,6.285862743666667,High Risk,Global Vendor P0144_S1,GCC
P0144_S2,Iran,0.556897995,6.285862743666667,High Risk,Global Vendor P0144_S2,Global
P0145_S1,Vietnam,0.5113369095,6.007343688535714,High Risk,Global Vendor P0145_S1,Global
P0145_S2,Czech Republic,0.5113369095,6.007343688535714,High Risk,Global Vendor P0145_S2,Global
P0145_S3,USA,0.5113369095,6.007343688535714,High Risk,Global Vendor P0145_S3,Global
