warehouse_id,product_id,inventory_on_hand_qty,safety_stock_qty,daily_demand_30d_avg,days_of_inventory,stockout_risk_flag
WH_MUMBAI_W,P0353,272.0,361.0,25.8,10.5,1
WH_MUMBAI_W,P0857,2198.0,1869.0,133.5,16.5,0
WH_MUMBAI_W,P0300,812.0,238.0,17.0,47.8,0
WH_MUMBAI_W,P0975,1008.0,994.0,71.0,14.2,0
WH_MUMBAI_W,P0160,2856.0,1974.0,141.0,20.3,0
WH_MUMBAI_W,P0116,1976.0,1067.0,76.2,25.9,0
WH_MUMBAI_W,P0836,4619.0,2474.0,176.7,26.1,0
WH_MUMBAI_W,P0005,2139.0,2495.0,178.2,12.0,1
WH_MUMBAI_W,P0840,1115.0,693.0,49.5,22.5,0
WH_MUMBAI_W,P0791,1082.0,417.0,29.8,36.3,0
WH_MUMBAI_W,P0981,454.0,346.0,24.7,18.4,0
WH_MUMBAI_W,P0159,3459.0,2232.0,159.4,21.7,0
WH_MUMBAI_W,P0700,1897.0,1338.0,95.6,19.8,0
WH_MUMBAI_W,P0247,338.0,300.0,21.4,15.8,0
WH_MUMBAI_W,P0030,1911.0,833.0,59.5,32.1,0
WH_MUMBAI_W,P0956,3078.0,1708.0,122.0,25.2,0
WH_MUMBAI_W,P0596,2872.0,2353.0,168.1,17.1,0
WH_MUMBAI_W,P0154,6298.0,2062.0,147.3,42.8,0
WH_MUMBAI_W,P0533,3762.0,2080.0,148.6,25.3,0
WH_MUMBAI_W,P0540,561.0,518.0,37.0,15.2,0
WH_MUMBAI_W,P0027,312.0,354.0,25.3,12.3,1
WH_MUMBAI_W,P0530,1171.0,1396.0,99.7,11.7,1
WH_MUMBAI_W,P0672,1416.0,1544.0,110.3,12.8,1
WH_MUMBAI_W,P0218,1959.0,2052.0,146.6,13.4,1
WH_MUMBAI_W,P0342,4586.0,1557.0,111.2,41.2,0
WH_MUMBAI_W,P0294,3573.0,1281.0,91.5,39.0,0
WH_MUMBAI_W,P0688,3695.0,1476.0,105.4,35.1,0
WH_MUMBAI_W,P0222,954.0,1217.0,86.9,11.0,1
WH_MUMBAI_W,P0852,6627.0,2145.0,153.2,43.3,0
WH_MUMBAI_W,P0062,1369.0,993.0,70.9,19.3,0
WH_MUMBAI_W,P0517,2085.0,697.0,49.8,41.9,0
WH_MUMBAI_W,P0404,5021.0,2380.0,170.0,29.5,0
WH_MUMBAI_W,P0642,583.0,244.0,17.4,33.5,0
WH_MUMBAI_W,P0372,1428.0,759.0,54.2,26.3,0
WH_MUMBAI_W,P0544,1555.0,1872.0,133.7,11.6,1
WH_MUMBAI_W,P0914,1998.0,1631.0,116.5,17.2,0
WH_MUMBAI_W,P0884,2409.0,1303.0,93.1,25.9,0
WH_MUMBAI_W,P0097,982.0,952.0,68.0,14.4,0
WH_MUMBAI_W,P0125,3035.0,1303.0,93.1,32.6,0
WH_MUMBAI_W,P0139,4335.0,1561.0,111.5,38.9,0
WH_MUMBAI_W,P0492,3215.0,946.0,67.6,47.6,0
WH_MUMBAI_W,P0363,818.0,1091.0,77.9,10.5,1
WH_MUMBAI_W,P0080,1386.0,704.0,50.3,27.6,0
WH_MUMBAI_W,P0589,3107.0,1418.0,101.3,30.7,0
WH_MUMBAI_W,P0866,3569.0,2232.0,159.4,22.4,0
WH_MUMBAI_W,P0634,4608.0,1966.0,140.4,32.8,0
WH_MUMBAI_W,P0567,2531.0,944.0,67.4,37.6,0
WH_MUMBAI_W,P0021,1558.0,854.0,61.0,25.5,0
WH_MUMBAI_W,P0545,827.0,1072.0,76.6,10.8,1
WH_MUMBAI_W,P0193,373.0,379.0,27.1,13.8,1
WH_MUMBAI_W,P0663,3522.0,1998.0,142.7,24.7,0
WH_MUMBAI_W,P0511,5257.0,1662.0,118.7,44.3,0
WH_MUMBAI_W,P0041,4291.0,1420.0,101.4,42.3,0
WH_MUMBAI_W,P0998,2980.0,2395.0,171.1,17.4,0
WH_MUMBAI_W,P0783,5652.0,2087.0,149.1,37.9,0
WH_MUMBAI_W,P0422,5667.0,2337.0,166.9,34.0,0
WH_MUMBAI_W,P0191,3072.0,1907.0,136.2,22.6,0
WH_MUMBAI_W,P0666,1260.0,664.0,47.4,26.6,0
WH_MUMBAI_W,P0364,4330.0,1898.0,135.6,31.9,0
WH_MUMBAI_W,P0524,1220.0,770.0,55.0,22.2,0
WH_MUMBAI_W,P0662,6255.0,2167.0,154.8,40.4,0
WH_MUMBAI_W,P0581,4224.0,1725.0,123.2,34.3,0
WH_MUMBAI_W,P0449,2428.0,1460.0,104.3,23.3,0
WH_MUMBAI_W,P0231,2181.0,1534.0,109.6,19.9,0
WH_MUMBAI_W,P0429,3481.0,1036.0,74.0,47.0,0
WH_MUMBAI_W,P0620,1307.0,1798.0,128.4,10.2,1
WH_MUMBAI_W,P0595,3072.0,1212.0,86.6,35.5,0
WH_MUMBAI_W,P0608,5039.0,2019.0,144.2,34.9,0
WH_MUMBAI_W,P0150,3723.0,2398.0,171.3,21.7,0
WH_MUMBAI_W,P0357,5538.0,2338.0,167.0,33.2,0
WH_MUMBAI_W,P0228,1108.0,364.0,26.0,42.6,0
WH_MUMBAI_W,P0554,1275.0,1733.0,123.8,10.3,1
WH_MUMBAI_W,P0205,4050.0,2436.0,174.0,23.3,0
WH_MUMBAI_W,P0115,371.0,512.0,36.6,10.1,1
WH_MUMBAI_W,P0337,4994.0,1910.0,136.4,36.6,0
WH_MUMBAI_W,P0911,5480.0,2253.0,160.9,34.1,0
WH_MUMBAI_W,P0822,6229.0,1886.0,134.7,46.2,0
WH_MUMBAI_W,P0266,1229.0,367.0,26.2,46.9,0
WH_MUMBAI_W,P0790,482.0,224.0,16.0,30.1,0
WH_MUMBAI_W,P0796,778.0,771.0,55.1,14.1,0
WH_MUMBAI_W,P0297,2370.0,739.0,52.8,44.9,0
WH_MUMBAI_W,P0011,2714.0,1046.0,74.7,36.3,0
WH_MUMBAI_W,P0105,1519.0,613.0,43.8,34.7,0
WH_MUMBAI_W,P0195,1643.0,1754.0,125.3,13.1,1
WH_MUMBAI_W,P0569,3315.0,995.0,71.1,46.6,0
WH_MUMBAI_W,P0276,4220.0,1357.0,96.9,43.6,0
WH_MUMBAI_W,P0188,2658.0,1002.0,71.6,37.1,0
WH_MUMBAI_W,P0711,2254.0,1044.0,74.6,30.2,0
WH_MUMBAI_W,P0391,4742.0,2519.0,179.9,26.4,0
WH_MUMBAI_W,P0673,1977.0,783.0,55.9,35.4,0
WH_MUMBAI_W,P0553,420.0,263.0,18.8,22.3,0
WH_MUMBAI_W,P0161,3327.0,1847.0,131.9,25.2,0
WH_MUMBAI_W,P0230,4313.0,2054.0,146.7,29.4,0
WH_MUMBAI_W,P0821,1283.0,445.0,31.8,40.3,0
WH_MUMBAI_W,P0651,2210.0,2430.0,173.6,12.7,1
WH_MUMBAI_W,P0189,3782.0,2475.0,176.8,21.4,0
WH_MUMBAI_W,P0135,1420.0,1529.0,109.2,13.0,1
WH_MUMBAI_W,P0279,4017.0,2103.0,150.2,26.7,0
WH_MUMBAI_W,P0641,3911.0,1197.0,85.5,45.7,0
WH_MUMBAI_W,P0926,2912.0,1117.0,79.8,36.5,0
WH_MUMBAI_W,P0568,7850.0,2405.0,171.8,45.7,0
WH_MUMBAI_W,P0286,6856.0,2108.0,150.6,45.5,0
WH_MUMBAI_W,P0583,2627.0,1114.0,79.6,33.0,0
WH_MUMBAI_W,P0198,2655.0,1285.0,91.8,28.9,0
WH_MUMBAI_W,P0254,1569.0,1844.0,131.7,11.9,1
WH_MUMBAI_W,P0103,7420.0,2250.0,160.7,46.2,0
WH_MUMBAI_W,P0152,1791.0,960.0,68.6,26.1,0
WH_MUMBAI_W,P0754,3290.0,2339.0,167.1,19.7,0
WH_MUMBAI_W,P0759,6845.0,2314.0,165.3,41.4,0
WH_MUMBAI_W,P0763,3104.0,2379.0,169.9,18.3,0
WH_MUMBAI_W,P0056,2882.0,1914.0,136.7,21.1,0
WH_MUMBAI_W,P0780,5807.0,2020.0,144.3,40.2,0
WH_MUMBAI_W,P0084,399.0,468.0,33.4,11.9,1
WH_MUMBAI_W,P0465,3317.0,1117.0,79.8,41.6,0
WH_MUMBAI_W,P0907,1464.0,644.0,46.0,31.8,0
WH_MUMBAI_W,P0893,449.0,428.0,30.6,14.7,0
WH_MUMBAI_W,P0592,4404.0,1680.0,120.0,36.7,0
WH_MUMBAI_W,P0716,2040.0,781.0,55.8,36.6,0
WH_MUMBAI_W,P0837,1058.0,490.0,35.0,30.2,0
WH_MUMBAI_W,P0892,2128.0,1161.0,82.9,25.7,0
WH_MUMBAI_W,P0408,347.0,315.0,22.5,15.4,0
WH_MUMBAI_W,P0213,7478.0,2227.0,159.1,47.0,0
WH_MUMBAI_W,P0693,1935.0,678.0,48.4,40.0,0
WH_MUMBAI_W,P0476,4601.0,2436.0,174.0,26.4,0
WH_MUMBAI_W,P0925,4776.0,1991.0,142.2,33.6,0
WH_MUMBAI_W,P0261,1729.0,732.0,52.3,33.1,0
WH_MUMBAI_W,P0746,5745.0,1719.0,122.8,46.8,0
WH_MUMBAI_W,P0079,1519.0,505.0,36.1,42.1,0
WH_MUMBAI_W,P0915,3375.0,1119.0,79.9,42.2,0
WH_MUMBAI_W,P0430,1026.0,577.0,41.2,24.9,0
WH_MUMBAI_W,P0316,3093.0,1989.0,142.1,21.8,0
WH_MUMBAI_W,P0988,3208.0,977.0,69.8,46.0,0
WH_MUMBAI_W,P0674,1066.0,497.0,35.5,30.0,0
WH_MUMBAI_W,P0491,3227.0,1511.0,107.9,29.9,0
WH_MUMBAI_W,P0971,3408.0,1264.0,90.3,37.7,0
WH_MUMBAI_W,P0487,2548.0,2443.0,174.5,14.6,0
WH_MUMBAI_W,P0918,1622.0,906.0,64.7,25.1,0
WH_MUMBAI_W,P0083,3867.0,1268.0,90.6,42.7,0
WH_MUMBAI_W,P0637,6045.0,1849.0,132.1,45.8,0
WH_MUMBAI_W,P0371,1964.0,1046.0,74.7,26.3,0
WH_MUMBAI_W,P0335,994.0,1014.0,72.4,13.7,1
WH_MUMBAI_W,P0076,3077.0,1322.0,94.4,32.6,0
WH_MUMBAI_W,P0466,3900.0,1319.0,94.2,41.4,0
WH_MUMBAI_W,P0904,2874.0,909.0,64.9,44.3,0
WH_MUMBAI_W,P0876,1603.0,641.0,45.8,35.0,0
WH_MUMBAI_W,P0432,2655.0,1267.0,90.5,29.3,0
WH_MUMBAI_W,P0458,1258.0,1068.0,76.3,16.5,0
WH_MUMBAI_W,P0202,653.0,641.0,45.8,14.3,0
WH_MUMBAI_W,P0952,549.0,718.0,51.3,10.7,1
WH_MUMBAI_W,P0069,591.0,342.0,24.4,24.2,0
WH_MUMBAI_W,P0521,688.0,218.0,15.6,44.1,0
WH_MUMBAI_W,P0565,5918.0,2206.0,157.6,37.6,0
WH_MUMBAI_W,P0714,7230.0,2240.0,160.0,45.2,0
WH_MUMBAI_W,P0143,1828.0,1014.0,72.4,25.2,0
WH_MUMBAI_W,P0962,5222.0,2356.0,168.3,31.0,0
WH_MUMBAI_W,P0470,5115.0,1679.0,119.9,42.7,0
WH_MUMBAI_W,P0708,5837.0,2500.0,178.6,32.7,0
WH_MUMBAI_W,P0755,6942.0,2192.0,156.6,44.3,0
WH_MUMBAI_W,P0598,3285.0,2470.0,176.4,18.6,0
WH_MUMBAI_W,P0909,2430.0,1347.0,96.2,25.3,0
WH_MUMBAI_W,P0410,244.0,224.0,16.0,15.2,0
WH_MUMBAI_W,P0927,1011.0,386.0,27.6,36.6,0
WH_MUMBAI_W,P0119,3396.0,2444.0,174.6,19.5,0
WH_MUMBAI_W,P0719,7148.0,2213.0,158.1,45.2,0
WH_MUMBAI_W,P0332,1292.0,1119.0,79.9,16.2,0
WH_MUMBAI_W,P0834,8052.0,2398.0,171.3,47.0,0
WH_MUMBAI_W,P0368,2292.0,2402.0,171.6,13.4,1
WH_MUMBAI_W,P0102,448.0,251.0,17.9,25.0,0
WH_MUMBAI_W,P0356,4577.0,2114.0,151.0,30.3,0
WH_MUMBAI_W,P0319,2893.0,1162.0,83.0,34.9,0
WH_MUMBAI_W,P0627,3459.0,1995.0,142.5,24.3,0
WH_MUMBAI_W,P0220,1306.0,399.0,28.5,45.8,0
WH_MUMBAI_W,P0088,1732.0,1487.0,106.2,16.3,0
WH_MUMBAI_W,P0280,1773.0,686.0,49.0,36.2,0
WH_MUMBAI_W,P0867,623.0,227.0,16.2,38.5,0
WH_MUMBAI_W,P0176,5788.0,2442.0,174.4,33.2,0
WH_MUMBAI_W,P0748,5668.0,1931.0,137.9,41.1,0
WH_MUMBAI_W,P0267,3806.0,1765.0,126.1,30.2,0
WH_MUMBAI_W,P0347,2571.0,2062.0,147.3,17.5,0
WH_MUMBAI_W,P0712,2522.0,1833.0,130.9,19.3,0
WH_MUMBAI_W,P0801,6987.0,2237.0,159.8,43.7,0
WH_MUMBAI_W,P0345,3433.0,1614.0,115.3,29.8,0
WH_MUMBAI_W,P0070,4002.0,1197.0,85.5,46.8,0
WH_MUMBAI_W,P0584,467.0,273.0,19.5,23.9,0
WH_MUMBAI_W,P0091,1061.0,683.0,48.8,21.7,0
WH_MUMBAI_W,P0994,3765.0,1414.0,101.0,37.3,0
WH_MUMBAI_W,P0824,4629.0,1620.0,115.7,40.0,0
WH_MUMBAI_W,P0131,2532.0,1926.0,137.6,18.4,0
WH_MUMBAI_W,P0560,1250.0,823.0,58.8,21.3,0
WH_MUMBAI_W,P0479,2234.0,974.0,69.6,32.1,0
WH_MUMBAI_W,P0709,6891.0,2373.0,169.5,40.7,0
WH_MUMBAI_W,P0913,2396.0,1554.0,111.0,21.6,0
WH_MUMBAI_W,P0038,1013.0,391.0,27.9,36.3,0
WH_MUMBAI_W,P0064,316.0,318.0,22.7,13.9,1
WH_MUMBAI_W,P0022,2964.0,2344.0,167.4,17.7,0
WH_MUMBAI_W,P0965,3679.0,1911.0,136.5,27.0,0
WH_MUMBAI_W,P0109,1139.0,1193.0,85.2,13.4,1
WH_MUMBAI_W,P0809,4515.0,1548.0,110.6,40.8,0
WH_MUMBAI_W,P0633,2829.0,1320.0,94.3,30.0,0
WH_MUMBAI_W,P0992,1526.0,1410.0,100.7,15.2,0
WH_NAGPUR_C,P0353,1076.0,549.0,39.2,27.4,0
WH_NAGPUR_C,P0857,4483.0,1854.0,132.4,33.9,0
WH_NAGPUR_C,P0300,1849.0,1033.0,73.8,25.1,0
WH_NAGPUR_C,P0975,4518.0,2491.0,177.9,25.4,0
WH_NAGPUR_C,P0160,1367.0,777.0,55.5,24.6,0
WH_NAGPUR_C,P0116,1725.0,1592.0,113.7,15.2,0
WH_NAGPUR_C,P0836,757.0,659.0,47.1,16.1,0
WH_NAGPUR_C,P0005,2533.0,1474.0,105.3,24.1,0
WH_NAGPUR_C,P0840,2953.0,2197.0,156.9,18.8,0
WH_NAGPUR_C,P0791,4145.0,1793.0,128.1,32.4,0
WH_NAGPUR_C,P0981,434.0,263.0,18.8,23.1,0
WH_NAGPUR_C,P0159,947.0,588.0,42.0,22.5,0
WH_NAGPUR_C,P0700,2056.0,743.0,53.1,38.7,0
WH_NAGPUR_C,P0247,3341.0,2475.0,176.8,18.9,0
WH_NAGPUR_C,P0030,1480.0,2020.0,144.3,10.3,1
WH_NAGPUR_C,P0956,695.0,407.0,29.1,23.9,0
WH_NAGPUR_C,P0596,953.0,735.0,52.5,18.2,0
WH_NAGPUR_C,P0154,2668.0,927.0,66.2,40.3,0
WH_NAGPUR_C,P0533,877.0,575.0,41.1,21.3,0
WH_NAGPUR_C,P0540,5859.0,2019.0,144.2,40.6,0
WH_NAGPUR_C,P0027,555.0,307.0,21.9,25.3,0
WH_NAGPUR_C,P0530,4135.0,1231.0,87.9,47.0,0
WH_NAGPUR_C,P0672,2274.0,1757.0,125.5,18.1,0
WH_NAGPUR_C,P0218,2353.0,906.0,64.7,36.4,0
WH_NAGPUR_C,P0342,1577.0,1758.0,125.6,12.6,1
WH_NAGPUR_C,P0294,5917.0,2114.0,151.0,39.2,0
WH_NAGPUR_C,P0688,1234.0,889.0,63.5,19.4,0
WH_NAGPUR_C,P0222,1074.0,559.0,39.9,26.9,0
WH_NAGPUR_C,P0852,820.0,1100.0,78.6,10.4,1
WH_NAGPUR_C,P0062,3555.0,2195.0,156.8,22.7,0
WH_NAGPUR_C,P0517,1274.0,627.0,44.8,28.4,0
WH_NAGPUR_C,P0404,6235.0,2110.0,150.7,41.4,0
WH_NAGPUR_C,P0642,2454.0,1005.0,71.8,34.2,0
WH_NAGPUR_C,P0372,1766.0,1828.0,130.6,13.5,1
WH_NAGPUR_C,P0544,1280.0,722.0,51.6,24.8,0
WH_NAGPUR_C,P0914,1981.0,598.0,42.7,46.4,0
WH_NAGPUR_C,P0884,6606.0,2181.0,155.8,42.4,0
WH_NAGPUR_C,P0097,6411.0,1911.0,136.5,47.0,0
WH_NAGPUR_C,P0125,1454.0,1715.0,122.5,11.9,1
WH_NAGPUR_C,P0139,3637.0,2502.0,178.7,20.4,0
WH_NAGPUR_C,P0492,1745.0,1835.0,131.1,13.3,1
WH_NAGPUR_C,P0363,6006.0,1821.0,130.1,46.2,0
WH_NAGPUR_C,P0080,1051.0,640.0,45.7,23.0,0
WH_NAGPUR_C,P0589,4304.0,2148.0,153.4,28.1,0
WH_NAGPUR_C,P0866,2391.0,1204.0,86.0,27.8,0
WH_NAGPUR_C,P0634,1894.0,735.0,52.5,36.1,0
WH_NAGPUR_C,P0567,4889.0,1854.0,132.4,36.9,0
WH_NAGPUR_C,P0021,1351.0,535.0,38.2,35.4,0
WH_NAGPUR_C,P0545,4977.0,2447.0,174.8,28.5,0
WH_NAGPUR_C,P0193,733.0,379.0,27.1,27.0,0
WH_NAGPUR_C,P0663,1998.0,956.0,68.3,29.3,0
WH_NAGPUR_C,P0511,2049.0,1439.0,102.8,19.9,0
WH_NAGPUR_C,P0041,2757.0,1546.0,110.4,25.0,0
WH_NAGPUR_C,P0998,2780.0,2425.0,173.2,16.1,0
WH_NAGPUR_C,P0783,2127.0,1127.0,80.5,26.4,0
WH_NAGPUR_C,P0422,780.0,288.0,20.6,37.9,0
WH_NAGPUR_C,P0191,4416.0,1721.0,122.9,35.9,0
WH_NAGPUR_C,P0666,2922.0,854.0,61.0,47.9,0
WH_NAGPUR_C,P0364,2407.0,2317.0,165.5,14.5,0
WH_NAGPUR_C,P0524,8236.0,2425.0,173.2,47.6,0
WH_NAGPUR_C,P0662,2023.0,1326.0,94.7,21.4,0
WH_NAGPUR_C,P0581,6498.0,2241.0,160.1,40.6,0
WH_NAGPUR_C,P0449,4605.0,1492.0,106.6,43.2,0
WH_NAGPUR_C,P0231,2819.0,1278.0,91.3,30.9,0
WH_NAGPUR_C,P0429,1796.0,1985.0,141.8,12.7,1
WH_NAGPUR_C,P0620,1546.0,913.0,65.2,23.7,0
WH_NAGPUR_C,P0595,3301.0,986.0,70.4,46.9,0
WH_NAGPUR_C,P0608,1630.0,1744.0,124.6,13.1,1
WH_NAGPUR_C,P0150,1229.0,1050.0,75.0,16.4,0
WH_NAGPUR_C,P0357,5057.0,2345.0,167.5,30.2,0
WH_NAGPUR_C,P0228,1672.0,1533.0,109.5,15.3,0
WH_NAGPUR_C,P0554,491.0,388.0,27.7,17.7,0
WH_NAGPUR_C,P0205,5233.0,1639.0,117.1,44.7,0
WH_NAGPUR_C,P0115,540.0,711.0,50.8,10.6,1
WH_NAGPUR_C,P0337,1283.0,781.0,55.8,23.0,0
WH_NAGPUR_C,P0911,386.0,396.0,28.3,13.6,1
WH_NAGPUR_C,P0822,3337.0,1390.0,99.3,33.6,0
WH_NAGPUR_C,P0266,2333.0,2076.0,148.3,15.7,0
WH_NAGPUR_C,P0790,7309.0,2216.0,158.3,46.2,0
WH_NAGPUR_C,P0796,1504.0,1665.0,118.9,12.6,1
WH_NAGPUR_C,P0297,2839.0,885.0,63.2,44.9,0
WH_NAGPUR_C,P0011,608.0,251.0,17.9,34.0,0
WH_NAGPUR_C,P0105,2418.0,1189.0,84.9,28.5,0
WH_NAGPUR_C,P0195,2692.0,2114.0,151.0,17.8,0
WH_NAGPUR_C,P0569,891.0,283.0,20.2,44.1,0
WH_NAGPUR_C,P0276,3102.0,1078.0,77.0,40.3,0
WH_NAGPUR_C,P0188,3606.0,1257.0,89.8,40.2,0
WH_NAGPUR_C,P0711,4151.0,1781.0,127.2,32.6,0
WH_NAGPUR_C,P0391,1555.0,1033.0,73.8,21.1,0
WH_NAGPUR_C,P0673,1061.0,430.0,30.7,34.6,0
WH_NAGPUR_C,P0553,3854.0,2047.0,146.2,26.4,0
WH_NAGPUR_C,P0161,942.0,357.0,25.5,36.9,0
WH_NAGPUR_C,P0230,3259.0,1516.0,108.3,30.1,0
WH_NAGPUR_C,P0821,5827.0,2437.0,174.1,33.5,0
WH_NAGPUR_C,P0651,7884.0,2328.0,166.3,47.4,0
WH_NAGPUR_C,P0189,253.0,218.0,15.6,16.2,0
WH_NAGPUR_C,P0135,4697.0,1494.0,106.7,44.0,0
WH_NAGPUR_C,P0279,3354.0,1019.0,72.8,46.1,0
WH_NAGPUR_C,P0641,3666.0,1226.0,87.6,41.8,0
WH_NAGPUR_C,P0926,2931.0,948.0,67.7,43.3,0
WH_NAGPUR_C,P0568,1223.0,741.0,52.9,23.1,0
WH_NAGPUR_C,P0286,7144.0,2118.0,151.3,47.2,0
WH_NAGPUR_C,P0583,4717.0,2289.0,163.5,28.9,0
WH_NAGPUR_C,P0198,1404.0,1007.0,71.9,19.5,0
WH_NAGPUR_C,P0254,3447.0,1309.0,93.5,36.9,0
WH_NAGPUR_C,P0103,6830.0,2030.0,145.0,47.1,0
WH_NAGPUR_C,P0152,1257.0,508.0,36.3,34.6,0
WH_NAGPUR_C,P0754,1847.0,777.0,55.5,33.3,0
WH_NAGPUR_C,P0759,595.0,552.0,39.4,15.1,0
WH_NAGPUR_C,P0763,2079.0,2290.0,163.6,12.7,1
WH_NAGPUR_C,P0056,1963.0,605.0,43.2,45.4,0
WH_NAGPUR_C,P0780,442.0,259.0,18.5,23.9,0
WH_NAGPUR_C,P0084,1484.0,622.0,44.4,33.4,0
WH_NAGPUR_C,P0465,1466.0,477.0,34.1,43.0,0
WH_NAGPUR_C,P0907,2578.0,1807.0,129.1,20.0,0
WH_NAGPUR_C,P0893,811.0,260.0,18.6,43.6,0
WH_NAGPUR_C,P0592,4255.0,1396.0,99.7,42.7,0
WH_NAGPUR_C,P0716,3125.0,2337.0,166.9,18.7,0
WH_NAGPUR_C,P0837,3988.0,1550.0,110.7,36.0,0
WH_NAGPUR_C,P0892,1360.0,923.0,65.9,20.6,0
WH_NAGPUR_C,P0408,3803.0,1964.0,140.3,27.1,0
WH_NAGPUR_C,P0213,2964.0,2337.0,166.9,17.8,0
WH_NAGPUR_C,P0693,5000.0,1660.0,118.6,42.2,0
WH_NAGPUR_C,P0476,2031.0,1051.0,75.1,27.0,0
WH_NAGPUR_C,P0925,5246.0,2258.0,161.3,32.5,0
WH_NAGPUR_C,P0261,4166.0,1931.0,137.9,30.2,0
WH_NAGPUR_C,P0746,1284.0,543.0,38.8,33.1,0
WH_NAGPUR_C,P0079,3124.0,1011.0,72.2,43.3,0
WH_NAGPUR_C,P0915,449.0,540.0,38.6,11.6,1
WH_NAGPUR_C,P0430,1669.0,2013.0,143.8,11.6,1
WH_NAGPUR_C,P0316,2109.0,666.0,47.6,44.3,0
WH_NAGPUR_C,P0988,2066.0,1576.0,112.6,18.3,0
WH_NAGPUR_C,P0674,1356.0,431.0,30.8,44.0,0
WH_NAGPUR_C,P0491,2356.0,718.0,51.3,45.9,0
WH_NAGPUR_C,P0971,493.0,218.0,15.6,31.6,0
WH_NAGPUR_C,P0487,1367.0,1721.0,122.9,11.1,1
WH_NAGPUR_C,P0918,7152.0,2325.0,166.1,43.1,0
WH_NAGPUR_C,P0083,4648.0,2471.0,176.5,26.3,0
WH_NAGPUR_C,P0637,319.0,399.0,28.5,11.2,1
WH_NAGPUR_C,P0371,3621.0,1222.0,87.3,41.5,0
WH_NAGPUR_C,P0335,4125.0,1418.0,101.3,40.7,0
WH_NAGPUR_C,P0076,2265.0,1093.0,78.1,29.0,0
WH_NAGPUR_C,P0466,3540.0,1926.0,137.6,25.7,0
WH_NAGPUR_C,P0904,6688.0,2248.0,160.6,41.6,0
WH_NAGPUR_C,P0876,1401.0,580.0,41.4,33.8,0
WH_NAGPUR_C,P0432,2681.0,1320.0,94.3,28.4,0
WH_NAGPUR_C,P0458,1071.0,580.0,41.4,25.9,0
WH_NAGPUR_C,P0202,3354.0,1380.0,98.6,34.0,0
WH_NAGPUR_C,P0952,3972.0,2016.0,144.0,27.6,0
WH_NAGPUR_C,P0069,1315.0,1320.0,94.3,13.9,1
WH_NAGPUR_C,P0521,2866.0,1925.0,137.5,20.8,0
WH_NAGPUR_C,P0565,758.0,293.0,20.9,36.3,0
WH_NAGPUR_C,P0714,3179.0,2470.0,176.4,18.0,0
WH_NAGPUR_C,P0143,6760.0,2062.0,147.3,45.9,0
WH_NAGPUR_C,P0962,2261.0,836.0,59.7,37.9,0
WH_NAGPUR_C,P0470,170.0,220.0,15.7,10.8,1
WH_NAGPUR_C,P0708,1050.0,895.0,63.9,16.4,0
WH_NAGPUR_C,P0755,3202.0,1942.0,138.7,23.1,0
WH_NAGPUR_C,P0598,722.0,679.0,48.5,14.9,0
WH_NAGPUR_C,P0909,2530.0,1100.0,78.6,32.2,0
WH_NAGPUR_C,P0410,3273.0,1289.0,92.1,35.5,0
WH_NAGPUR_C,P0927,1722.0,1705.0,121.8,14.1,0
WH_NAGPUR_C,P0119,912.0,617.0,44.1,20.7,0
WH_NAGPUR_C,P0719,1409.0,879.0,62.8,22.4,0
WH_NAGPUR_C,P0332,5956.0,2433.0,173.8,34.3,0
WH_NAGPUR_C,P0834,4661.0,2157.0,154.1,30.2,0
WH_NAGPUR_C,P0368,2858.0,2324.0,166.0,17.2,0
WH_NAGPUR_C,P0102,1253.0,1065.0,76.1,16.5,0
WH_NAGPUR_C,P0356,1379.0,1592.0,113.7,12.1,1
WH_NAGPUR_C,P0319,1914.0,1242.0,88.7,21.6,0
WH_NAGPUR_C,P0627,3216.0,2201.0,157.2,20.5,0
WH_NAGPUR_C,P0220,2034.0,2069.0,147.8,13.8,1
WH_NAGPUR_C,P0088,2220.0,1760.0,125.7,17.7,0
WH_NAGPUR_C,P0280,4671.0,2331.0,166.5,28.1,0
WH_NAGPUR_C,P0867,794.0,713.0,50.9,15.6,0
WH_NAGPUR_C,P0176,2104.0,1096.0,78.3,26.9,0
WH_NAGPUR_C,P0748,5761.0,2353.0,168.1,34.3,0
WH_NAGPUR_C,P0267,2890.0,2482.0,177.3,16.3,0
WH_NAGPUR_C,P0347,3382.0,1621.0,115.8,29.2,0
WH_NAGPUR_C,P0712,2160.0,2138.0,152.7,14.1,0
WH_NAGPUR_C,P0801,1593.0,1438.0,102.7,15.5,0
WH_NAGPUR_C,P0345,1743.0,526.0,37.6,46.4,0
WH_NAGPUR_C,P0070,880.0,647.0,46.2,19.0,0
WH_NAGPUR_C,P0584,2151.0,1884.0,134.6,16.0,0
WH_NAGPUR_C,P0091,2418.0,2278.0,162.7,14.9,0
WH_NAGPUR_C,P0994,1306.0,906.0,64.7,20.2,0
WH_NAGPUR_C,P0824,575.0,312.0,22.3,25.8,0
WH_NAGPUR_C,P0131,4410.0,1415.0,101.1,43.6,0
WH_NAGPUR_C,P0560,1353.0,1077.0,76.9,17.6,0
WH_NAGPUR_C,P0479,4836.0,1572.0,112.3,43.1,0
WH_NAGPUR_C,P0709,5142.0,2447.0,174.8,29.4,0
WH_NAGPUR_C,P0913,4514.0,2414.0,172.4,26.2,0
WH_NAGPUR_C,P0038,683.0,305.0,21.8,31.3,0
WH_NAGPUR_C,P0064,1650.0,2215.0,158.2,10.4,1
WH_NAGPUR_C,P0022,8265.0,2429.0,173.5,47.6,0
WH_NAGPUR_C,P0965,1158.0,980.0,70.0,16.5,0
WH_NAGPUR_C,P0109,6036.0,2332.0,166.6,36.2,0
WH_NAGPUR_C,P0809,4765.0,2353.0,168.1,28.3,0
WH_NAGPUR_C,P0633,2553.0,1985.0,141.8,18.0,0
WH_NAGPUR_C,P0992,3053.0,1110.0,79.3,38.5,0
WH_BLR_S,P0353,394.0,419.0,29.9,13.2,1
WH_BLR_S,P0857,3157.0,2307.0,164.8,19.2,0
WH_BLR_S,P0300,1358.0,454.0,32.4,41.9,0
WH_BLR_S,P0975,6771.0,2024.0,144.6,46.8,0
WH_BLR_S,P0160,1835.0,1733.0,123.8,14.8,0
WH_BLR_S,P0116,1731.0,832.0,59.4,29.1,0
WH_BLR_S,P0836,1316.0,1425.0,101.8,12.9,1
WH_BLR_S,P0005,625.0,225.0,16.1,38.8,0
WH_BLR_S,P0840,2241.0,1236.0,88.3,25.4,0
WH_BLR_S,P0791,3744.0,1946.0,139.0,26.9,0
WH_BLR_S,P0981,919.0,379.0,27.1,33.9,0
WH_BLR_S,P0159,2075.0,1974.0,141.0,14.7,0
WH_BLR_S,P0700,4927.0,2127.0,151.9,32.4,0
WH_BLR_S,P0247,441.0,301.0,21.5,20.5,0
WH_BLR_S,P0030,940.0,392.0,28.0,33.6,0
WH_BLR_S,P0956,3064.0,1323.0,94.5,32.4,0
WH_BLR_S,P0596,5165.0,1863.0,133.1,38.8,0
WH_BLR_S,P0154,3972.0,2132.0,152.3,26.1,0
WH_BLR_S,P0533,5750.0,2338.0,167.0,34.4,0
WH_BLR_S,P0540,1052.0,438.0,31.3,33.6,0
WH_BLR_S,P0027,3341.0,2246.0,160.4,20.8,0
WH_BLR_S,P0530,1829.0,1270.0,90.7,20.2,0
WH_BLR_S,P0672,6781.0,2001.0,142.9,47.5,0
WH_BLR_S,P0218,4188.0,1670.0,119.3,35.1,0
WH_BLR_S,P0342,931.0,574.0,41.0,22.7,0
WH_BLR_S,P0294,2165.0,1133.0,80.9,26.8,0
WH_BLR_S,P0688,5839.0,2002.0,143.0,40.8,0
WH_BLR_S,P0222,4121.0,1778.0,127.0,32.4,0
WH_BLR_S,P0852,3961.0,2124.0,151.7,26.1,0
WH_BLR_S,P0062,3232.0,1558.0,111.3,29.0,0
WH_BLR_S,P0517,4350.0,1750.0,125.0,34.8,0
WH_BLR_S,P0404,606.0,755.0,53.9,11.2,1
WH_BLR_S,P0642,5112.0,1515.0,108.2,47.2,0
WH_BLR_S,P0372,808.0,447.0,31.9,25.3,0
WH_BLR_S,P0544,1624.0,1042.0,74.4,21.8,0
WH_BLR_S,P0914,6425.0,1919.0,137.1,46.9,0
WH_BLR_S,P0884,2918.0,1903.0,135.9,21.5,0
WH_BLR_S,P0097,750.0,321.0,22.9,32.8,0
WH_BLR_S,P0125,1440.0,567.0,40.5,35.6,0
WH_BLR_S,P0139,6944.0,2440.0,174.3,39.8,0
WH_BLR_S,P0492,5628.0,1652.0,118.0,47.7,0
WH_BLR_S,P0363,2067.0,837.0,59.8,34.6,0
WH_BLR_S,P0080,747.0,958.0,68.4,10.9,1
WH_BLR_S,P0589,4012.0,1341.0,95.8,41.9,0
WH_BLR_S,P0866,1734.0,1095.0,78.2,22.2,0
WH_BLR_S,P0634,2883.0,1925.0,137.5,21.0,0
WH_BLR_S,P0567,6267.0,1842.0,131.6,47.6,0
WH_BLR_S,P0021,2428.0,736.0,52.6,46.2,0
WH_BLR_S,P0545,3389.0,2344.0,167.4,20.2,0
WH_BLR_S,P0193,1568.0,1344.0,96.0,16.3,0
WH_BLR_S,P0663,2894.0,1291.0,92.2,31.4,0
WH_BLR_S,P0511,4753.0,1604.0,114.6,41.5,0
WH_BLR_S,P0041,4041.0,1791.0,127.9,31.6,0
WH_BLR_S,P0998,2365.0,1651.0,117.9,20.1,0
WH_BLR_S,P0783,3404.0,1242.0,88.7,38.4,0
WH_BLR_S,P0422,4816.0,1702.0,121.6,39.6,0
WH_BLR_S,P0191,4416.0,1781.0,127.2,34.7,0
WH_BLR_S,P0666,449.0,295.0,21.1,21.3,0
WH_BLR_S,P0364,422.0,510.0,36.4,11.6,1
WH_BLR_S,P0524,6411.0,2422.0,173.0,37.1,0
WH_BLR_S,P0662,3442.0,1928.0,137.7,25.0,0
WH_BLR_S,P0581,913.0,1109.0,79.2,11.5,1
WH_BLR_S,P0449,363.0,329.0,23.5,15.4,0
WH_BLR_S,P0231,3622.0,2412.0,172.3,21.0,0
WH_BLR_S,P0429,741.0,231.0,16.5,44.9,0
WH_BLR_S,P0620,4242.0,1886.0,134.7,31.5,0
WH_BLR_S,P0595,1631.0,661.0,47.2,34.6,0
WH_BLR_S,P0608,2105.0,832.0,59.4,35.4,0
WH_BLR_S,P0150,2697.0,1840.0,131.4,20.5,0
WH_BLR_S,P0357,1991.0,780.0,55.7,35.7,0
WH_BLR_S,P0228,2233.0,1970.0,140.7,15.9,0
WH_BLR_S,P0554,2082.0,2492.0,178.0,11.7,1
WH_BLR_S,P0205,663.0,421.0,30.1,22.0,0
WH_BLR_S,P0115,625.0,710.0,50.7,12.3,1
WH_BLR_S,P0337,2655.0,2293.0,163.8,16.2,0
WH_BLR_S,P0911,1559.0,892.0,63.7,24.5,0
WH_BLR_S,P0822,230.0,235.0,16.8,13.7,1
WH_BLR_S,P0266,1863.0,1322.0,94.4,19.7,0
WH_BLR_S,P0790,3316.0,1292.0,92.3,35.9,0
WH_BLR_S,P0796,4197.0,1537.0,109.8,38.2,0
WH_BLR_S,P0297,4389.0,2479.0,177.1,24.8,0
WH_BLR_S,P0011,2403.0,1953.0,139.5,17.2,0
WH_BLR_S,P0105,816.0,253.0,18.1,45.1,0
WH_BLR_S,P0195,2556.0,1208.0,86.3,29.6,0
WH_BLR_S,P0569,579.0,297.0,21.2,27.3,0
WH_BLR_S,P0276,1637.0,487.0,34.8,47.0,0
WH_BLR_S,P0188,2602.0,988.0,70.6,36.9,0
WH_BLR_S,P0711,6841.0,2370.0,169.3,40.4,0
WH_BLR_S,P0391,5631.0,2017.0,144.1,39.1,0
WH_BLR_S,P0673,2348.0,1432.0,102.3,23.0,0
WH_BLR_S,P0553,2923.0,2295.0,163.9,17.8,0
WH_BLR_S,P0161,2810.0,1054.0,75.3,37.3,0
WH_BLR_S,P0230,3061.0,1378.0,98.4,31.1,0
WH_BLR_S,P0821,1014.0,1400.0,100.0,10.1,1
WH_BLR_S,P0651,1819.0,570.0,40.7,44.7,0
WH_BLR_S,P0189,3354.0,1949.0,139.2,24.1,0
WH_BLR_S,P0135,1455.0,631.0,45.1,32.3,0
WH_BLR_S,P0279,1177.0,1005.0,71.8,16.4,0
WH_BLR_S,P0641,1069.0,1400.0,100.0,10.7,1
WH_BLR_S,P0926,892.0,1215.0,86.8,10.3,1
WH_BLR_S,P0568,4512.0,1786.0,127.6,35.4,0
WH_BLR_S,P0286,2687.0,1480.0,105.7,25.4,0
WH_BLR_S,P0583,1023.0,368.0,26.3,38.9,0
WH_BLR_S,P0198,1455.0,767.0,54.8,26.6,0
WH_BLR_S,P0254,1240.0,532.0,38.0,32.6,0
WH_BLR_S,P0103,3896.0,1674.0,119.6,32.6,0
WH_BLR_S,P0152,1258.0,381.0,27.2,46.2,0
WH_BLR_S,P0754,2965.0,1415.0,101.1,29.3,0
WH_BLR_S,P0759,3831.0,1645.0,117.5,32.6,0
WH_BLR_S,P0763,1512.0,787.0,56.2,26.9,0
WH_BLR_S,P0056,2427.0,994.0,71.0,34.2,0
WH_BLR_S,P0780,507.0,620.0,44.3,11.4,1
WH_BLR_S,P0084,3972.0,1684.0,120.3,33.0,0
WH_BLR_S,P0465,2250.0,2163.0,154.5,14.6,0
WH_BLR_S,P0907,1825.0,1774.0,126.7,14.4,0
WH_BLR_S,P0893,362.0,459.0,32.8,11.0,1
WH_BLR_S,P0592,212.0,269.0,19.2,11.0,1
WH_BLR_S,P0716,5736.0,2211.0,157.9,36.3,0
WH_BLR_S,P0837,1645.0,672.0,48.0,34.3,0
WH_BLR_S,P0892,3262.0,1078.0,77.0,42.4,0
WH_BLR_S,P0408,1986.0,606.0,43.3,45.9,0
WH_BLR_S,P0213,813.0,883.0,63.1,12.9,1
WH_BLR_S,P0693,2824.0,850.0,60.7,46.5,0
WH_BLR_S,P0476,1493.0,973.0,69.5,21.5,0
WH_BLR_S,P0925,1346.0,724.0,51.7,26.0,0
WH_BLR_S,P0261,1256.0,875.0,62.5,20.1,0
WH_BLR_S,P0746,3305.0,2073.0,148.1,22.3,0
WH_BLR_S,P0079,1774.0,689.0,49.2,36.1,0
WH_BLR_S,P0915,567.0,420.0,30.0,18.9,0
WH_BLR_S,P0430,2352.0,1778.0,127.0,18.5,0
WH_BLR_S,P0316,747.0,263.0,18.8,39.7,0
WH_BLR_S,P0988,2056.0,1036.0,74.0,27.8,0
WH_BLR_S,P0674,3416.0,1495.0,106.8,32.0,0
WH_BLR_S,P0491,746.0,253.0,18.1,41.2,0
WH_BLR_S,P0971,1953.0,777.0,55.5,35.2,0
WH_BLR_S,P0487,4280.0,1716.0,122.6,34.9,0
WH_BLR_S,P0918,4598.0,2353.0,168.1,27.4,0
WH_BLR_S,P0083,1450.0,1400.0,100.0,14.5,0
WH_BLR_S,P0637,769.0,1009.0,72.1,10.7,1
WH_BLR_S,P0371,1998.0,962.0,68.7,29.1,0
WH_BLR_S,P0335,902.0,354.0,25.3,35.7,0
WH_BLR_S,P0076,1103.0,1238.0,88.4,12.5,1
WH_BLR_S,P0466,1350.0,1215.0,86.8,15.6,0
WH_BLR_S,P0904,4561.0,2155.0,153.9,29.6,0
WH_BLR_S,P0876,2584.0,1539.0,109.9,23.5,0
WH_BLR_S,P0432,1427.0,1064.0,76.0,18.8,0
WH_BLR_S,P0458,1504.0,2005.0,143.2,10.5,1
WH_BLR_S,P0202,1766.0,1485.0,106.1,16.6,0
WH_BLR_S,P0952,5521.0,2166.0,154.7,35.7,0
WH_BLR_S,P0069,946.0,507.0,36.2,26.1,0
WH_BLR_S,P0521,4473.0,1324.0,94.6,47.3,0
WH_BLR_S,P0565,4475.0,1631.0,116.5,38.4,0
WH_BLR_S,P0714,3595.0,1887.0,134.8,26.7,0
WH_BLR_S,P0143,2096.0,1630.0,116.4,18.0,0
WH_BLR_S,P0962,3210.0,1908.0,136.3,23.6,0
WH_BLR_S,P0470,2812.0,939.0,67.1,41.9,0
WH_BLR_S,P0708,730.0,868.0,62.0,11.8,1
WH_BLR_S,P0755,1885.0,2079.0,148.5,12.7,1
WH_BLR_S,P0598,631.0,662.0,47.3,13.3,1
WH_BLR_S,P0909,790.0,277.0,19.8,39.9,0
WH_BLR_S,P0410,4629.0,1866.0,133.3,34.7,0
WH_BLR_S,P0927,4275.0,1954.0,139.6,30.6,0
WH_BLR_S,P0119,1272.0,1260.0,90.0,14.1,0
WH_BLR_S,P0719,2672.0,2401.0,171.5,15.6,0
WH_BLR_S,P0332,3148.0,920.0,65.7,47.9,0
WH_BLR_S,P0834,1701.0,1032.0,73.7,23.1,0
WH_BLR_S,P0368,4613.0,1397.0,99.8,46.2,0
WH_BLR_S,P0102,3349.0,1371.0,97.9,34.2,0
WH_BLR_S,P0356,845.0,542.0,38.7,21.8,0
WH_BLR_S,P0319,1247.0,619.0,44.2,28.2,0
WH_BLR_S,P0627,2554.0,1641.0,117.2,21.8,0
WH_BLR_S,P0220,700.0,525.0,37.5,18.7,0
WH_BLR_S,P0088,3177.0,2463.0,175.9,18.1,0
WH_BLR_S,P0280,1249.0,557.0,39.8,31.4,0
WH_BLR_S,P0867,3221.0,2514.0,179.6,17.9,0
WH_BLR_S,P0176,3216.0,1324.0,94.6,34.0,0
WH_BLR_S,P0748,1091.0,496.0,35.4,30.8,0
WH_BLR_S,P0267,902.0,472.0,33.7,26.8,0
WH_BLR_S,P0347,3606.0,2488.0,177.7,20.3,0
WH_BLR_S,P0712,4342.0,1907.0,136.2,31.9,0
WH_BLR_S,P0801,4105.0,1291.0,92.2,44.5,0
WH_BLR_S,P0345,2161.0,1739.0,124.2,17.4,0
WH_BLR_S,P0070,2718.0,1709.0,122.1,22.3,0
WH_BLR_S,P0584,1761.0,713.0,50.9,34.6,0
WH_BLR_S,P0091,5719.0,1728.0,123.4,46.3,0
WH_BLR_S,P0994,2525.0,2216.0,158.3,16.0,0
WH_BLR_S,P0824,1872.0,1509.0,107.8,17.4,0
WH_BLR_S,P0131,1385.0,1133.0,80.9,17.1,0
WH_BLR_S,P0560,2077.0,1320.0,94.3,22.0,0
WH_BLR_S,P0479,2299.0,1870.0,133.6,17.2,0
WH_BLR_S,P0709,3840.0,1847.0,131.9,29.1,0
WH_BLR_S,P0913,728.0,298.0,21.3,34.2,0
WH_BLR_S,P0038,2331.0,1239.0,88.5,26.3,0
WH_BLR_S,P0064,1039.0,1186.0,84.7,12.3,1
WH_BLR_S,P0022,1926.0,652.0,46.6,41.3,0
WH_BLR_S,P0965,5533.0,2192.0,156.6,35.3,0
WH_BLR_S,P0109,1752.0,680.0,48.6,36.0,0
WH_BLR_S,P0809,2723.0,1054.0,75.3,36.2,0
WH_BLR_S,P0633,5114.0,2008.0,143.4,35.7,0
WH_BLR_S,P0992,4079.0,1345.0,96.1,42.4,0
WH_DELHI_N,P0353,1865.0,1098.0,78.4,23.8,0
WH_DELHI_N,P0857,2012.0,696.0,49.7,40.5,0
WH_DELHI_N,P0300,810.0,1051.0,75.1,10.8,1
WH_DELHI_N,P0975,6069.0,1926.0,137.6,44.1,0
WH_DELHI_N,P0160,2924.0,2089.0,149.2,19.6,0
WH_DELHI_N,P0116,7906.0,2405.0,171.8,46.0,0
WH_DELHI_N,P0836,5338.0,1624.0,116.0,46.0,0
WH_DELHI_N,P0005,5331.0,1910.0,136.4,39.1,0
WH_DELHI_N,P0840,4781.0,1690.0,120.7,39.6,0
WH_DELHI_N,P0791,499.0,426.0,30.4,16.4,0
WH_DELHI_N,P0981,1346.0,1737.0,124.1,10.8,1
WH_DELHI_N,P0159,6111.0,2404.0,171.7,35.6,0
WH_DELHI_N,P0700,6164.0,2107.0,150.5,41.0,0
WH_DELHI_N,P0247,2470.0,1959.0,139.9,17.7,0
WH_DELHI_N,P0030,2121.0,953.0,68.1,31.1,0
WH_DELHI_N,P0956,1375.0,783.0,55.9,24.6,0
WH_DELHI_N,P0596,5989.0,2100.0,150.0,39.9,0
WH_DELHI_N,P0154,1576.0,1750.0,125.0,12.6,1
WH_DELHI_N,P0533,1895.0,1739.0,124.2,15.3,0
WH_DELHI_N,P0540,932.0,316.0,22.6,41.2,0
WH_DELHI_N,P0027,552.0,494.0,35.3,15.6,0
WH_DELHI_N,P0530,1091.0,685.0,48.9,22.3,0
WH_DELHI_N,P0672,387.0,245.0,17.5,22.1,0
WH_DELHI_N,P0218,256.0,335.0,23.9,10.7,1
WH_DELHI_N,P0342,2979.0,1152.0,82.3,36.2,0
WH_DELHI_N,P0294,4151.0,1229.0,87.8,47.3,0
WH_DELHI_N,P0688,4704.0,2050.0,146.4,32.1,0
WH_DELHI_N,P0222,1116.0,377.0,26.9,41.5,0
WH_DELHI_N,P0852,4616.0,2400.0,171.4,26.9,0
WH_DELHI_N,P0062,3582.0,1975.0,141.1,25.4,0
WH_DELHI_N,P0517,790.0,778.0,55.6,14.2,0
WH_DELHI_N,P0404,2787.0,2465.0,176.1,15.8,0
WH_DELHI_N,P0642,7475.0,2303.0,164.5,45.4,0
WH_DELHI_N,P0372,5976.0,2248.0,160.6,37.2,0
WH_DELHI_N,P0544,2205.0,1151.0,82.2,26.8,0
WH_DELHI_N,P0914,1795.0,1058.0,75.6,23.7,0
WH_DELHI_N,P0884,2987.0,2267.0,161.9,18.4,0
WH_DELHI_N,P0097,2761.0,1022.0,73.0,37.8,0
WH_DELHI_N,P0125,1244.0,459.0,32.8,37.9,0
WH_DELHI_N,P0139,3166.0,1894.0,135.3,23.4,0
WH_DELHI_N,P0492,3976.0,2201.0,157.2,25.3,0
WH_DELHI_N,P0363,6748.0,2118.0,151.3,44.6,0
WH_DELHI_N,P0080,1903.0,757.0,54.1,35.2,0
WH_DELHI_N,P0589,5537.0,2342.0,167.3,33.1,0
WH_DELHI_N,P0866,1967.0,669.0,47.8,41.2,0
WH_DELHI_N,P0634,4928.0,1456.0,104.0,47.4,0
WH_DELHI_N,P0567,1269.0,1004.0,71.7,17.7,0
WH_DELHI_N,P0021,5427.0,2346.0,167.6,32.4,0
WH_DELHI_N,P0545,1623.0,1786.0,127.6,12.7,1
WH_DELHI_N,P0193,2555.0,1810.0,129.3,19.8,0
WH_DELHI_N,P0663,2709.0,960.0,68.6,39.5,0
WH_DELHI_N,P0511,5277.0,1677.0,119.8,44.0,0
WH_DELHI_N,P0041,3421.0,1873.0,133.8,25.6,0
WH_DELHI_N,P0998,2943.0,1208.0,86.3,34.1,0
WH_DELHI_N,P0783,1411.0,693.0,49.5,28.5,0
WH_DELHI_N,P0422,768.0,389.0,27.8,27.6,0
WH_DELHI_N,P0191,2448.0,767.0,54.8,44.7,0
WH_DELHI_N,P0666,1932.0,1988.0,142.0,13.6,1
WH_DELHI_N,P0364,4797.0,2044.0,146.0,32.9,0
WH_DELHI_N,P0524,1744.0,1429.0,102.1,17.1,0
WH_DELHI_N,P0662,4293.0,1974.0,141.0,30.4,0
WH_DELHI_N,P0581,1216.0,911.0,65.1,18.7,0
WH_DELHI_N,P0449,1699.0,1950.0,139.3,12.2,1
WH_DELHI_N,P0231,5584.0,1642.0,117.3,47.6,0
WH_DELHI_N,P0429,7796.0,2332.0,166.6,46.8,0
WH_DELHI_N,P0620,2336.0,1914.0,136.7,17.1,0
WH_DELHI_N,P0595,7675.0,2433.0,173.8,44.2,0
WH_DELHI_N,P0608,2210.0,769.0,54.9,40.3,0
WH_DELHI_N,P0150,2900.0,1137.0,81.2,35.7,0
WH_DELHI_N,P0357,1055.0,951.0,67.9,15.5,0
WH_DELHI_N,P0228,1706.0,1740.0,124.3,13.7,1
WH_DELHI_N,P0554,652.0,490.0,35.0,18.6,0
WH_DELHI_N,P0205,4146.0,2167.0,154.8,26.8,0
WH_DELHI_N,P0115,3323.0,1320.0,94.3,35.2,0
WH_DELHI_N,P0337,5760.0,2290.0,163.6,35.2,0
WH_DELHI_N,P0911,2147.0,2418.0,172.7,12.4,1
WH_DELHI_N,P0822,5478.0,2160.0,154.3,35.5,0
WH_DELHI_N,P0266,1839.0,1390.0,99.3,18.5,0
WH_DELHI_N,P0790,991.0,907.0,64.8,15.3,0
WH_DELHI_N,P0796,3669.0,1438.0,102.7,35.7,0
WH_DELHI_N,P0297,1749.0,1852.0,132.3,13.2,1
WH_DELHI_N,P0011,1525.0,1295.0,92.5,16.5,0
WH_DELHI_N,P0105,5052.0,1882.0,134.4,37.6,0
WH_DELHI_N,P0195,7317.0,2202.0,157.3,46.5,0
WH_DELHI_N,P0569,4528.0,1708.0,122.0,37.1,0
WH_DELHI_N,P0276,2816.0,825.0,58.9,47.8,0
WH_DELHI_N,P0188,1716.0,1329.0,94.9,18.1,0
WH_DELHI_N,P0711,2164.0,1266.0,90.4,23.9,0
WH_DELHI_N,P0391,2725.0,1134.0,81.0,33.6,0
WH_DELHI_N,P0673,2390.0,1870.0,133.6,17.9,0
WH_DELHI_N,P0553,5702.0,2456.0,175.4,32.5,0
WH_DELHI_N,P0161,1060.0,1432.0,102.3,10.4,1
WH_DELHI_N,P0230,6076.0,1774.0,126.7,48.0,0
WH_DELHI_N,P0821,4700.0,1763.0,125.9,37.3,0
WH_DELHI_N,P0651,865.0,279.0,19.9,43.5,0
WH_DELHI_N,P0189,7140.0,2306.0,164.7,43.4,0
WH_DELHI_N,P0135,2416.0,1904.0,136.0,17.8,0
WH_DELHI_N,P0279,1802.0,662.0,47.3,38.1,0
WH_DELHI_N,P0641,868.0,734.0,52.4,16.6,0
WH_DELHI_N,P0926,5460.0,2258.0,161.3,33.8,0
WH_DELHI_N,P0568,677.0,680.0,48.6,13.9,1
WH_DELHI_N,P0286,1823.0,757.0,54.1,33.7,0
WH_DELHI_N,P0583,1130.0,1170.0,83.6,13.5,1
WH_DELHI_N,P0198,1344.0,1326.0,94.7,14.2,0
WH_DELHI_N,P0254,1210.0,1162.0,83.0,14.6,0
WH_DELHI_N,P0103,4405.0,1309.0,93.5,47.1,0
WH_DELHI_N,P0152,1959.0,1278.0,91.3,21.5,0
WH_DELHI_N,P0754,275.0,284.0,20.3,13.5,1
WH_DELHI_N,P0759,2221.0,2171.0,155.1,14.3,0
WH_DELHI_N,P0763,1668.0,1597.0,114.1,14.6,0
WH_DELHI_N,P0056,1353.0,661.0,47.2,28.7,0
WH_DELHI_N,P0780,935.0,350.0,25.0,37.4,0
WH_DELHI_N,P0084,1954.0,1137.0,81.2,24.1,0
WH_DELHI_N,P0465,850.0,1028.0,73.4,11.6,1
WH_DELHI_N,P0907,875.0,564.0,40.3,21.7,0
WH_DELHI_N,P0893,5226.0,2090.0,149.3,35.0,0
WH_DELHI_N,P0592,6846.0,2337.0,166.9,41.0,0
WH_DELHI_N,P0716,1256.0,591.0,42.2,29.8,0
WH_DELHI_N,P0837,3438.0,1387.0,99.1,34.7,0
WH_DELHI_N,P0892,1139.0,399.0,28.5,40.0,0
WH_DELHI_N,P0408,2802.0,868.0,62.0,45.2,0
WH_DELHI_N,P0213,2989.0,2352.0,168.0,17.8,0
WH_DELHI_N,P0693,3867.0,2353.0,168.1,23.0,0
WH_DELHI_N,P0476,1370.0,755.0,53.9,25.4,0
WH_DELHI_N,P0925,1170.0,543.0,38.8,30.2,0
WH_DELHI_N,P0261,2102.0,659.0,47.1,44.6,0
WH_DELHI_N,P0746,2639.0,2486.0,177.6,14.9,0
WH_DELHI_N,P0079,1718.0,700.0,50.0,34.4,0
WH_DELHI_N,P0915,5114.0,1967.0,140.5,36.4,0
WH_DELHI_N,P0430,847.0,571.0,40.8,20.8,0
WH_DELHI_N,P0316,2347.0,1947.0,139.1,16.9,0
WH_DELHI_N,P0988,288.0,287.0,20.5,14.0,0
WH_DELHI_N,P0674,4631.0,1450.0,103.6,44.7,0
WH_DELHI_N,P0491,4848.0,2243.0,160.2,30.3,0
WH_DELHI_N,P0971,3065.0,1809.0,129.2,23.7,0
WH_DELHI_N,P0487,3449.0,2433.0,173.8,19.8,0
WH_DELHI_N,P0918,3971.0,1645.0,117.5,33.8,0
WH_DELHI_N,P0083,6694.0,1975.0,141.1,47.4,0
WH_DELHI_N,P0637,1816.0,896.0,64.0,28.4,0
WH_DELHI_N,P0371,5596.0,2370.0,169.3,33.1,0
WH_DELHI_N,P0335,2895.0,1190.0,85.0,34.1,0
WH_DELHI_N,P0076,2935.0,1137.0,81.2,36.1,0
WH_DELHI_N,P0466,5697.0,1749.0,124.9,45.6,0
WH_DELHI_N,P0904,749.0,619.0,44.2,16.9,0
WH_DELHI_N,P0876,2433.0,886.0,63.3,38.4,0
WH_DELHI_N,P0432,2925.0,1386.0,99.0,29.5,0
WH_DELHI_N,P0458,5880.0,1974.0,141.0,41.7,0
WH_DELHI_N,P0202,1039.0,1446.0,103.3,10.1,1
WH_DELHI_N,P0952,1142.0,991.0,70.8,16.1,0
WH_DELHI_N,P0069,1816.0,1732.0,123.7,14.7,0
WH_DELHI_N,P0521,525.0,252.0,18.0,29.2,0
WH_DELHI_N,P0565,6613.0,2176.0,155.4,42.6,0
WH_DELHI_N,P0714,5471.0,1988.0,142.0,38.5,0
WH_DELHI_N,P0143,5650.0,2335.0,166.8,33.9,0
WH_DELHI_N,P0962,590.0,797.0,56.9,10.4,1
WH_DELHI_N,P0470,1001.0,479.0,34.2,29.3,0
WH_DELHI_N,P0708,2460.0,972.0,69.4,35.4,0
WH_DELHI_N,P0755,3316.0,1439.0,102.8,32.3,0
WH_DELHI_N,P0598,1207.0,456.0,32.6,37.0,0
WH_DELHI_N,P0909,4474.0,2176.0,155.4,28.8,0
WH_DELHI_N,P0410,1698.0,753.0,53.8,31.6,0
WH_DELHI_N,P0927,1213.0,1295.0,92.5,13.1,1
WH_DELHI_N,P0119,4482.0,1736.0,124.0,36.1,0
WH_DELHI_N,P0719,1514.0,465.0,33.2,45.6,0
WH_DELHI_N,P0332,4016.0,1883.0,134.5,29.9,0
WH_DELHI_N,P0834,2762.0,1529.0,109.2,25.3,0
WH_DELHI_N,P0368,4952.0,2131.0,152.2,32.5,0
WH_DELHI_N,P0102,1593.0,606.0,43.3,36.8,0
WH_DELHI_N,P0356,3334.0,1473.0,105.2,31.7,0
WH_DELHI_N,P0319,4001.0,1802.0,128.7,31.1,0
WH_DELHI_N,P0627,225.0,213.0,15.2,14.8,0
WH_DELHI_N,P0220,3007.0,1659.0,118.5,25.4,0
WH_DELHI_N,P0088,841.0,970.0,69.3,12.1,1
WH_DELHI_N,P0280,1635.0,2166.0,154.7,10.6,1
WH_DELHI_N,P0867,1352.0,1067.0,76.2,17.7,0
WH_DELHI_N,P0176,951.0,424.0,30.3,31.4,0
WH_DELHI_N,P0748,4768.0,1441.0,102.9,46.3,0
WH_DELHI_N,P0267,1652.0,561.0,40.1,41.2,0
WH_DELHI_N,P0347,4029.0,1998.0,142.7,28.2,0
WH_DELHI_N,P0712,365.0,360.0,25.7,14.2,0
WH_DELHI_N,P0801,4629.0,2290.0,163.6,28.3,0
WH_DELHI_N,P0345,1594.0,798.0,57.0,28.0,0
WH_DELHI_N,P0070,5757.0,1957.0,139.8,41.2,0
WH_DELHI_N,P0584,909.0,960.0,68.6,13.3,1
WH_DELHI_N,P0091,3509.0,1680.0,120.0,29.2,0
WH_DELHI_N,P0994,1107.0,384.0,27.4,40.4,0
WH_DELHI_N,P0824,5470.0,1960.0,140.0,39.1,0
WH_DELHI_N,P0131,1633.0,896.0,64.0,25.5,0
WH_DELHI_N,P0560,2607.0,974.0,69.6,37.5,0
WH_DELHI_N,P0479,2813.0,1949.0,139.2,20.2,0
WH_DELHI_N,P0709,1251.0,1330.0,95.0,13.2,1
WH_DELHI_N,P0913,6847.0,2297.0,164.1,41.7,0
WH_DELHI_N,P0038,5618.0,1945.0,138.9,40.4,0
WH_DELHI_N,P0064,4924.0,1533.0,109.5,45.0,0
WH_DELHI_N,P0022,2663.0,1085.0,77.5,34.4,0
WH_DELHI_N,P0965,1694.0,497.0,35.5,47.7,0
WH_DELHI_N,P0109,3149.0,934.0,66.7,47.2,0
WH_DELHI_N,P0809,3537.0,1788.0,127.7,27.7,0
WH_DELHI_N,P0633,2204.0,1467.0,104.8,21.0,0
WH_DELHI_N,P0992,2232.0,1478.0,105.6,21.1,0
WH_KOLKATA_E,P0353,5456.0,2208.0,157.7,34.6,0
WH_KOLKATA_E,P0857,857.0,783.0,55.9,15.3,0
WH_KOLKATA_E,P0300,477.0,332.0,23.7,20.1,0
WH_KOLKATA_E,P0975,2879.0,1845.0,131.8,21.8,0
WH_KOLKATA_E,P0160,5287.0,1681.0,120.1,44.0,0
WH_KOLKATA_E,P0116,6784.0,2456.0,175.4,38.7,0
WH_KOLKATA_E,P0836,4599.0,1749.0,124.9,36.8,0
WH_KOLKATA_E,P0005,1455.0,540.0,38.6,37.7,0
WH_KOLKATA_E,P0840,1590.0,1240.0,88.6,17.9,0
WH_KOLKATA_E,P0791,691.0,358.0,25.6,27.0,0
WH_KOLKATA_E,P0981,1537.0,637.0,45.5,33.8,0
WH_KOLKATA_E,P0159,1146.0,682.0,48.7,23.5,0
WH_KOLKATA_E,P0700,5616.0,1985.0,141.8,39.6,0
WH_KOLKATA_E,P0247,1152.0,400.0,28.6,40.3,0
WH_KOLKATA_E,P0030,3629.0,2012.0,143.7,25.3,0
WH_KOLKATA_E,P0956,4834.0,1466.0,104.7,46.2,0
WH_KOLKATA_E,P0596,3613.0,1784.0,127.4,28.4,0
WH_KOLKATA_E,P0154,4947.0,2328.0,166.3,29.7,0
WH_KOLKATA_E,P0533,2973.0,2428.0,173.4,17.1,0
WH_KOLKATA_E,P0540,1134.0,356.0,25.4,44.6,0
WH_KOLKATA_E,P0027,4283.0,1851.0,132.2,32.4,0
WH_KOLKATA_E,P0530,2881.0,2276.0,162.6,17.7,0
WH_KOLKATA_E,P0672,353.0,230.0,16.4,21.5,0
WH_KOLKATA_E,P0218,1791.0,862.0,61.6,29.1,0
WH_KOLKATA_E,P0342,986.0,1197.0,85.5,11.5,1
WH_KOLKATA_E,P0294,3537.0,1805.0,128.9,27.4,0
WH_KOLKATA_E,P0688,6962.0,2097.0,149.8,46.5,0
WH_KOLKATA_E,P0222,883.0,281.0,20.1,43.9,0
WH_KOLKATA_E,P0852,1479.0,1011.0,72.2,20.5,0
WH_KOLKATA_E,P0062,4174.0,2183.0,155.9,26.8,0
WH_KOLKATA_E,P0517,5649.0,1910.0,136.4,41.4,0
WH_KOLKATA_E,P0404,1245.0,1291.0,92.2,13.5,1
WH_KOLKATA_E,P0642,1474.0,444.0,31.7,46.5,0
WH_KOLKATA_E,P0372,3282.0,2447.0,174.8,18.8,0
WH_KOLKATA_E,P0544,1623.0,483.0,34.5,47.0,0
WH_KOLKATA_E,P0914,5248.0,1876.0,134.0,39.2,0
WH_KOLKATA_E,P0884,684.0,931.0,66.5,10.3,1
WH_KOLKATA_E,P0097,1199.0,1000.0,71.4,16.8,0
WH_KOLKATA_E,P0125,3634.0,2113.0,150.9,24.1,0
WH_KOLKATA_E,P0139,6519.0,2223.0,158.8,41.1,0
WH_KOLKATA_E,P0492,4107.0,1796.0,128.3,32.0,0
WH_KOLKATA_E,P0363,6741.0,2138.0,152.7,44.1,0
WH_KOLKATA_E,P0080,6295.0,2346.0,167.6,37.6,0
WH_KOLKATA_E,P0589,2842.0,1714.0,122.4,23.2,0
WH_KOLKATA_E,P0866,4786.0,1607.0,114.8,41.7,0
WH_KOLKATA_E,P0634,3158.0,1445.0,103.2,30.6,0
WH_KOLKATA_E,P0567,4621.0,1970.0,140.7,32.8,0
WH_KOLKATA_E,P0021,2076.0,1112.0,79.4,26.1,0
WH_KOLKATA_E,P0545,1347.0,979.0,69.9,19.3,0
WH_KOLKATA_E,P0193,1204.0,827.0,59.1,20.4,0
WH_KOLKATA_E,P0663,5717.0,1739.0,124.2,46.0,0
WH_KOLKATA_E,P0511,5735.0,2152.0,153.7,37.3,0
WH_KOLKATA_E,P0041,4070.0,1508.0,107.7,37.8,0
WH_KOLKATA_E,P0998,707.0,435.0,31.1,22.7,0
WH_KOLKATA_E,P0783,2035.0,1330.0,95.0,21.4,0
WH_KOLKATA_E,P0422,2063.0,1721.0,122.9,16.8,0
WH_KOLKATA_E,P0191,3661.0,1112.0,79.4,46.1,0
WH_KOLKATA_E,P0666,3997.0,1509.0,107.8,37.1,0
WH_KOLKATA_E,P0364,3020.0,1032.0,73.7,41.0,0
WH_KOLKATA_E,P0524,1242.0,997.0,71.2,17.4,0
WH_KOLKATA_E,P0662,1558.0,1172.0,83.7,18.6,0
WH_KOLKATA_E,P0581,1738.0,1778.0,127.0,13.7,1
WH_KOLKATA_E,P0449,5890.0,1859.0,132.8,44.4,0
WH_KOLKATA_E,P0231,6118.0,2250.0,160.7,38.1,0
WH_KOLKATA_E,P0429,3385.0,1005.0,71.8,47.1,0
WH_KOLKATA_E,P0620,6649.0,2026.0,144.7,46.0,0
WH_KOLKATA_E,P0595,4545.0,1536.0,109.7,41.4,0
WH_KOLKATA_E,P0608,1300.0,759.0,54.2,24.0,0
WH_KOLKATA_E,P0150,1481.0,1726.0,123.3,12.0,1
WH_KOLKATA_E,P0357,1762.0,528.0,37.7,46.7,0
WH_KOLKATA_E,P0228,1569.0,1061.0,75.8,20.7,0
WH_KOLKATA_E,P0554,1478.0,1399.0,99.9,14.8,0
WH_KOLKATA_E,P0205,754.0,734.0,52.4,14.4,0
WH_KOLKATA_E,P0115,666.0,378.0,27.0,24.7,0
WH_KOLKATA_E,P0337,1021.0,1333.0,95.2,10.7,1
WH_KOLKATA_E,P0911,1498.0,570.0,40.7,36.8,0
WH_KOLKATA_E,P0822,2064.0,1481.0,105.8,19.5,0
WH_KOLKATA_E,P0266,1169.0,1029.0,73.5,15.9,0
WH_KOLKATA_E,P0790,7309.0,2316.0,165.4,44.2,0
WH_KOLKATA_E,P0796,4419.0,1456.0,104.0,42.5,0
WH_KOLKATA_E,P0297,3830.0,1312.0,93.7,40.9,0
WH_KOLKATA_E,P0011,2494.0,1558.0,111.3,22.4,0
WH_KOLKATA_E,P0105,1006.0,1126.0,80.4,12.5,1
WH_KOLKATA_E,P0195,1261.0,700.0,50.0,25.2,0
WH_KOLKATA_E,P0569,1069.0,1264.0,90.3,11.8,1
WH_KOLKATA_E,P0276,4065.0,1337.0,95.5,42.6,0
WH_KOLKATA_E,P0188,805.0,566.0,40.4,19.9,0
WH_KOLKATA_E,P0711,5852.0,2073.0,148.1,39.5,0
WH_KOLKATA_E,P0391,2601.0,966.0,69.0,37.7,0
WH_KOLKATA_E,P0673,2573.0,1476.0,105.4,24.4,0
WH_KOLKATA_E,P0553,513.0,266.0,19.0,27.0,0
WH_KOLKATA_E,P0161,1078.0,1186.0,84.7,12.7,1
WH_KOLKATA_E,P0230,957.0,504.0,36.0,26.6,0
WH_KOLKATA_E,P0821,792.0,245.0,17.5,45.3,0
WH_KOLKATA_E,P0651,6322.0,1854.0,132.4,47.7,0
WH_KOLKATA_E,P0189,1015.0,690.0,49.3,20.6,0
WH_KOLKATA_E,P0135,2132.0,713.0,50.9,41.9,0
WH_KOLKATA_E,P0279,806.0,966.0,69.0,11.7,1
WH_KOLKATA_E,P0641,1945.0,1040.0,74.3,26.2,0
WH_KOLKATA_E,P0926,3301.0,1117.0,79.8,41.4,0
WH_KOLKATA_E,P0568,5527.0,2409.0,172.1,32.1,0
WH_KOLKATA_E,P0286,2348.0,1613.0,115.2,20.4,0
WH_KOLKATA_E,P0583,3059.0,2209.0,157.8,19.4,0
WH_KOLKATA_E,P0198,1470.0,542.0,38.7,38.0,0
WH_KOLKATA_E,P0254,5007.0,1924.0,137.4,36.4,0
WH_KOLKATA_E,P0103,5589.0,1911.0,136.5,40.9,0
WH_KOLKATA_E,P0152,1841.0,2283.0,163.1,11.3,1
WH_KOLKATA_E,P0754,2603.0,1719.0,122.8,21.2,0
WH_KOLKATA_E,P0759,4730.0,1554.0,111.0,42.6,0
WH_KOLKATA_E,P0763,2375.0,1911.0,136.5,17.4,0
WH_KOLKATA_E,P0056,1808.0,1534.0,109.6,16.5,0
WH_KOLKATA_E,P0780,1405.0,777.0,55.5,25.3,0
WH_KOLKATA_E,P0084,3537.0,1628.0,116.3,30.4,0
WH_KOLKATA_E,P0465,2752.0,932.0,66.6,41.3,0
WH_KOLKATA_E,P0907,3336.0,1914.0,136.7,24.4,0
WH_KOLKATA_E,P0893,1604.0,1396.0,99.7,16.1,0
WH_KOLKATA_E,P0592,4401.0,2285.0,163.2,27.0,0
WH_KOLKATA_E,P0716,2940.0,2002.0,143.0,20.6,0
WH_KOLKATA_E,P0837,1995.0,1952.0,139.4,14.3,0
WH_KOLKATA_E,P0892,981.0,641.0,45.8,21.4,0
WH_KOLKATA_E,P0408,7210.0,2208.0,157.7,45.7,0
WH_KOLKATA_E,P0213,3920.0,1504.0,107.4,36.5,0
WH_KOLKATA_E,P0693,1887.0,693.0,49.5,38.1,0
WH_KOLKATA_E,P0476,5471.0,2033.0,145.2,37.7,0
WH_KOLKATA_E,P0925,1718.0,1084.0,77.4,22.2,0
WH_KOLKATA_E,P0261,4272.0,1681.0,120.1,35.6,0
WH_KOLKATA_E,P0746,1288.0,1519.0,108.5,11.9,1
WH_KOLKATA_E,P0079,2361.0,1505.0,107.5,22.0,0
WH_KOLKATA_E,P0915,2638.0,780.0,55.7,47.4,0
WH_KOLKATA_E,P0430,1869.0,2498.0,178.4,10.5,1
WH_KOLKATA_E,P0316,5115.0,1973.0,140.9,36.3,0
WH_KOLKATA_E,P0988,2250.0,909.0,64.9,34.7,0
WH_KOLKATA_E,P0674,1663.0,1247.0,89.1,18.7,0
WH_KOLKATA_E,P0491,1825.0,1289.0,92.1,19.8,0
WH_KOLKATA_E,P0971,1774.0,526.0,37.6,47.2,0
WH_KOLKATA_E,P0487,1255.0,1219.0,87.1,14.4,0
WH_KOLKATA_E,P0918,2165.0,1781.0,127.2,17.0,0
WH_KOLKATA_E,P0083,3431.0,1239.0,88.5,38.8,0
WH_KOLKATA_E,P0637,2681.0,896.0,64.0,41.9,0
WH_KOLKATA_E,P0371,1097.0,865.0,61.8,17.8,0
WH_KOLKATA_E,P0335,1026.0,953.0,68.1,15.1,0
WH_KOLKATA_E,P0076,5617.0,2093.0,149.5,37.6,0
WH_KOLKATA_E,P0466,1517.0,1604.0,114.6,13.2,1
WH_KOLKATA_E,P0904,747.0,220.0,15.7,47.6,0
WH_KOLKATA_E,P0876,3997.0,2267.0,161.9,24.7,0
WH_KOLKATA_E,P0432,2768.0,2275.0,162.5,17.0,0
WH_KOLKATA_E,P0458,6364.0,2181.0,155.8,40.8,0
WH_KOLKATA_E,P0202,7671.0,2393.0,170.9,44.9,0
WH_KOLKATA_E,P0952,3750.0,2370.0,169.3,22.2,0
WH_KOLKATA_E,P0069,2115.0,1333.0,95.2,22.2,0
WH_KOLKATA_E,P0521,4298.0,1344.0,96.0,44.8,0
WH_KOLKATA_E,P0565,2454.0,1964.0,140.3,17.5,0
WH_KOLKATA_E,P0714,4482.0,1929.0,137.8,32.5,0
WH_KOLKATA_E,P0143,2472.0,833.0,59.5,41.5,0
WH_KOLKATA_E,P0962,4251.0,2293.0,163.8,26.0,0
WH_KOLKATA_E,P0470,195.0,234.0,16.7,11.7,1
WH_KOLKATA_E,P0708,1651.0,2064.0,147.4,11.2,1
WH_KOLKATA_E,P0755,2246.0,876.0,62.6,35.9,0
WH_KOLKATA_E,P0598,2186.0,1159.0,82.8,26.4,0
WH_KOLKATA_E,P0909,1904.0,1757.0,125.5,15.2,0
WH_KOLKATA_E,P0410,2409.0,1869.0,133.5,18.0,0
WH_KOLKATA_E,P0927,2615.0,1043.0,74.5,35.1,0
WH_KOLKATA_E,P0119,1190.0,990.0,70.7,16.8,0
WH_KOLKATA_E,P0719,894.0,823.0,58.8,15.2,0
WH_KOLKATA_E,P0332,3234.0,1634.0,116.7,27.7,0
WH_KOLKATA_E,P0834,683.0,932.0,66.6,10.3,1
WH_KOLKATA_E,P0368,1666.0,832.0,59.4,28.0,0
WH_KOLKATA_E,P0102,2217.0,1950.0,139.3,15.9,0
WH_KOLKATA_E,P0356,1956.0,1380.0,98.6,19.8,0
WH_KOLKATA_E,P0319,3440.0,1033.0,73.8,46.6,0
WH_KOLKATA_E,P0627,1487.0,1568.0,112.0,13.3,1
WH_KOLKATA_E,P0220,3918.0,1326.0,94.7,41.4,0
WH_KOLKATA_E,P0088,1504.0,1663.0,118.8,12.7,1
WH_KOLKATA_E,P0280,2052.0,1845.0,131.8,15.6,0
WH_KOLKATA_E,P0867,6004.0,2474.0,176.7,34.0,0
WH_KOLKATA_E,P0176,3373.0,1127.0,80.5,41.9,0
WH_KOLKATA_E,P0748,1429.0,959.0,68.5,20.9,0
WH_KOLKATA_E,P0267,1919.0,700.0,50.0,38.4,0
WH_KOLKATA_E,P0347,6361.0,2492.0,178.0,35.7,0
WH_KOLKATA_E,P0712,2109.0,729.0,52.1,40.5,0
WH_KOLKATA_E,P0801,4824.0,2199.0,157.1,30.7,0
WH_KOLKATA_E,P0345,7990.0,2404.0,171.7,46.5,0
WH_KOLKATA_E,P0070,1218.0,1135.0,81.1,15.0,0
WH_KOLKATA_E,P0584,3358.0,1882.0,134.4,25.0,0
WH_KOLKATA_E,P0091,1688.0,1063.0,75.9,22.2,0
WH_KOLKATA_E,P0994,3655.0,1666.0,119.0,30.7,0
WH_KOLKATA_E,P0824,1272.0,1571.0,112.2,11.3,1
WH_KOLKATA_E,P0131,4151.0,2261.0,161.5,25.7,0
WH_KOLKATA_E,P0560,4449.0,1585.0,113.2,39.3,0
WH_KOLKATA_E,P0479,1336.0,899.0,64.2,20.8,0
WH_KOLKATA_E,P0709,5734.0,2096.0,149.7,38.3,0
WH_KOLKATA_E,P0913,1184.0,1208.0,86.3,13.7,1
WH_KOLKATA_E,P0038,3016.0,1056.0,75.4,40.0,0
WH_KOLKATA_E,P0064,753.0,291.0,20.8,36.2,0
WH_KOLKATA_E,P0022,4992.0,2328.0,166.3,30.0,0
WH_KOLKATA_E,P0965,2997.0,1649.0,117.8,25.4,0
WH_KOLKATA_E,P0109,1851.0,592.0,42.3,43.8,0
WH_KOLKATA_E,P0809,3896.0,1207.0,86.2,45.2,0
WH_KOLKATA_E,P0633,4725.0,1427.0,101.9,46.4,0
WH_KOLKATA_E,P0992,5756.0,2299.0,164.2,35.1,0
WH_RIYADH_GCC,P0353,3454.0,1191.0,85.1,40.6,0
WH_RIYADH_GCC,P0857,4465.0,1701.0,121.5,36.7,0
WH_RIYADH_GCC,P0300,4712.0,1800.0,128.6,36.6,0
WH_RIYADH_GCC,P0975,6880.0,2155.0,153.9,44.7,0
WH_RIYADH_GCC,P0160,2292.0,1581.0,112.9,20.3,0
WH_RIYADH_GCC,P0116,1601.0,868.0,62.0,25.8,0
WH_RIYADH_GCC,P0836,1667.0,928.0,66.3,25.1,0
WH_RIYADH_GCC,P0005,6105.0,1862.0,133.0,45.9,0
WH_RIYADH_GCC,P0840,848.0,419.0,29.9,28.4,0
WH_RIYADH_GCC,P0791,1738.0,1662.0,118.7,14.6,0
WH_RIYADH_GCC,P0981,416.0,293.0,20.9,19.9,0
WH_RIYADH_GCC,P0159,1773.0,792.0,56.6,31.3,0
WH_RIYADH_GCC,P0700,3268.0,1169.0,83.5,39.1,0
WH_RIYADH_GCC,P0247,3028.0,1526.0,109.0,27.8,0
WH_RIYADH_GCC,P0030,1919.0,890.0,63.6,30.2,0
WH_RIYADH_GCC,P0956,6314.0,2156.0,154.0,41.0,0
WH_RIYADH_GCC,P0596,389.0,288.0,20.6,18.9,0
WH_RIYADH_GCC,P0154,3400.0,1981.0,141.5,24.0,0
WH_RIYADH_GCC,P0533,6720.0,2141.0,152.9,44.0,0
WH_RIYADH_GCC,P0540,1679.0,1981.0,141.5,11.9,1
WH_RIYADH_GCC,P0027,4655.0,2372.0,169.4,27.5,0
WH_RIYADH_GCC,P0530,356.0,238.0,17.0,20.9,0
WH_RIYADH_GCC,P0672,2601.0,1586.0,113.3,23.0,0
WH_RIYADH_GCC,P0218,2522.0,1488.0,106.3,23.7,0
WH_RIYADH_GCC,P0342,988.0,1183.0,84.5,11.7,1
WH_RIYADH_GCC,P0294,4812.0,1540.0,110.0,43.7,0
WH_RIYADH_GCC,P0688,4926.0,1968.0,140.6,35.0,0
WH_RIYADH_GCC,P0222,1420.0,504.0,36.0,39.4,0
WH_RIYADH_GCC,P0852,1150.0,1110.0,79.3,14.5,0
WH_RIYADH_GCC,P0062,2504.0,1509.0,107.8,23.2,0
WH_RIYADH_GCC,P0517,2529.0,917.0,65.5,38.6,0
WH_RIYADH_GCC,P0404,1813.0,834.0,59.6,30.4,0
WH_RIYADH_GCC,P0642,1620.0,763.0,54.5,29.7,0
WH_RIYADH_GCC,P0372,1855.0,1354.0,96.7,19.2,0
WH_RIYADH_GCC,P0544,2255.0,2043.0,145.9,15.5,0
WH_RIYADH_GCC,P0914,798.0,239.0,17.1,46.7,0
WH_RIYADH_GCC,P0884,2316.0,1392.0,99.4,23.3,0
WH_RIYADH_GCC,P0097,2124.0,707.0,50.5,42.1,0
WH_RIYADH_GCC,P0125,2771.0,1589.0,113.5,24.4,0
WH_RIYADH_GCC,P0139,1111.0,407.0,29.1,38.2,0
WH_RIYADH_GCC,P0492,685.0,693.0,49.5,13.8,1
WH_RIYADH_GCC,P0363,2181.0,720.0,51.4,42.4,0
WH_RIYADH_GCC,P0080,3156.0,1831.0,130.8,24.1,0
WH_RIYADH_GCC,P0589,3560.0,1166.0,83.3,42.7,0
WH_RIYADH_GCC,P0866,2153.0,1343.0,95.9,22.5,0
WH_RIYADH_GCC,P0634,2397.0,865.0,61.8,38.8,0
WH_RIYADH_GCC,P0567,1928.0,728.0,52.0,37.1,0
WH_RIYADH_GCC,P0021,4126.0,2267.0,161.9,25.5,0
WH_RIYADH_GCC,P0545,1671.0,2006.0,143.3,11.7,1
WH_RIYADH_GCC,P0193,739.0,620.0,44.3,16.7,0
WH_RIYADH_GCC,P0663,1987.0,711.0,50.8,39.1,0
WH_RIYADH_GCC,P0511,4075.0,2440.0,174.3,23.4,0
WH_RIYADH_GCC,P0041,3396.0,1733.0,123.8,27.4,0
WH_RIYADH_GCC,P0998,1769.0,883.0,63.1,28.0,0
WH_RIYADH_GCC,P0783,1568.0,1904.0,136.0,11.5,1
WH_RIYADH_GCC,P0422,4926.0,2309.0,164.9,29.9,0
WH_RIYADH_GCC,P0191,1578.0,715.0,51.1,30.9,0
WH_RIYADH_GCC,P0666,2908.0,1379.0,98.5,29.5,0
WH_RIYADH_GCC,P0364,5579.0,1918.0,137.0,40.7,0
WH_RIYADH_GCC,P0524,902.0,274.0,19.6,46.0,0
WH_RIYADH_GCC,P0662,1034.0,420.0,30.0,34.5,0
WH_RIYADH_GCC,P0581,7758.0,2351.0,167.9,46.2,0
WH_RIYADH_GCC,P0449,4426.0,2006.0,143.3,30.9,0
WH_RIYADH_GCC,P0231,2052.0,1093.0,78.1,26.3,0
WH_RIYADH_GCC,P0429,1356.0,564.0,40.3,33.6,0
WH_RIYADH_GCC,P0620,1174.0,869.0,62.1,18.9,0
WH_RIYADH_GCC,P0595,1453.0,792.0,56.6,25.7,0
WH_RIYADH_GCC,P0608,331.0,321.0,22.9,14.5,0
WH_RIYADH_GCC,P0150,2582.0,1252.0,89.4,28.9,0
WH_RIYADH_GCC,P0357,5866.0,2169.0,154.9,37.9,0
WH_RIYADH_GCC,P0228,1121.0,1340.0,95.7,11.7,1
WH_RIYADH_GCC,P0554,4173.0,1887.0,134.8,31.0,0
WH_RIYADH_GCC,P0205,3599.0,2251.0,160.8,22.4,0
WH_RIYADH_GCC,P0115,1143.0,560.0,40.0,28.6,0
WH_RIYADH_GCC,P0337,2519.0,778.0,55.6,45.3,0
WH_RIYADH_GCC,P0911,5456.0,2339.0,167.1,32.7,0
WH_RIYADH_GCC,P0822,2192.0,2402.0,171.6,12.8,1
WH_RIYADH_GCC,P0266,2963.0,1054.0,75.3,39.3,0
WH_RIYADH_GCC,P0790,3699.0,1271.0,90.8,40.7,0
WH_RIYADH_GCC,P0796,522.0,441.0,31.5,16.6,0
WH_RIYADH_GCC,P0297,2149.0,2194.0,156.7,13.7,1
WH_RIYADH_GCC,P0011,644.0,554.0,39.6,16.3,0
WH_RIYADH_GCC,P0105,3340.0,1968.0,140.6,23.8,0
WH_RIYADH_GCC,P0195,2203.0,1464.0,104.6,21.1,0
WH_RIYADH_GCC,P0569,2426.0,1625.0,116.1,20.9,0
WH_RIYADH_GCC,P0276,6780.0,2471.0,176.5,38.4,0
WH_RIYADH_GCC,P0188,3651.0,2185.0,156.1,23.4,0
WH_RIYADH_GCC,P0711,1131.0,620.0,44.3,25.5,0
WH_RIYADH_GCC,P0391,3746.0,1120.0,80.0,46.8,0
WH_RIYADH_GCC,P0673,1289.0,388.0,27.7,46.5,0
WH_RIYADH_GCC,P0553,2218.0,2184.0,156.0,14.2,0
WH_RIYADH_GCC,P0161,6706.0,2058.0,147.0,45.6,0
WH_RIYADH_GCC,P0230,1737.0,948.0,67.7,25.7,0
WH_RIYADH_GCC,P0821,3246.0,1156.0,82.6,39.3,0
WH_RIYADH_GCC,P0651,2003.0,963.0,68.8,29.1,0
WH_RIYADH_GCC,P0189,2478.0,769.0,54.9,45.1,0
WH_RIYADH_GCC,P0135,4877.0,2316.0,165.4,29.5,0
WH_RIYADH_GCC,P0279,5029.0,2262.0,161.6,31.1,0
WH_RIYADH_GCC,P0641,1490.0,827.0,59.1,25.2,0
WH_RIYADH_GCC,P0926,5477.0,1725.0,123.2,44.5,0
WH_RIYADH_GCC,P0568,315.0,267.0,19.1,16.5,0
WH_RIYADH_GCC,P0286,2871.0,2265.0,161.8,17.7,0
WH_RIYADH_GCC,P0583,2938.0,2444.0,174.6,16.8,0
WH_RIYADH_GCC,P0198,3794.0,2360.0,168.6,22.5,0
WH_RIYADH_GCC,P0254,7961.0,2463.0,175.9,45.3,0
WH_RIYADH_GCC,P0103,5557.0,2029.0,144.9,38.4,0
WH_RIYADH_GCC,P0152,4790.0,1900.0,135.7,35.3,0
WH_RIYADH_GCC,P0754,4506.0,1341.0,95.8,47.0,0
WH_RIYADH_GCC,P0759,2380.0,811.0,57.9,41.1,0
WH_RIYADH_GCC,P0763,1174.0,522.0,37.3,31.5,0
WH_RIYADH_GCC,P0056,1969.0,1058.0,75.6,26.0,0
WH_RIYADH_GCC,P0780,1089.0,1494.0,106.7,10.2,1
WH_RIYADH_GCC,P0084,1891.0,732.0,52.3,36.2,0
WH_RIYADH_GCC,P0465,2560.0,2122.0,151.6,16.9,0
WH_RIYADH_GCC,P0907,1615.0,1301.0,92.9,17.4,0
WH_RIYADH_GCC,P0893,3446.0,1473.0,105.2,32.8,0
WH_RIYADH_GCC,P0592,1393.0,528.0,37.7,36.9,0
WH_RIYADH_GCC,P0716,7616.0,2454.0,175.3,43.4,0
WH_RIYADH_GCC,P0837,6076.0,2103.0,150.2,40.5,0
WH_RIYADH_GCC,P0892,4358.0,1400.0,100.0,43.6,0
WH_RIYADH_GCC,P0408,2421.0,1856.0,132.6,18.3,0
WH_RIYADH_GCC,P0213,972.0,564.0,40.3,24.1,0
WH_RIYADH_GCC,P0693,457.0,452.0,32.3,14.1,0
WH_RIYADH_GCC,P0476,2643.0,1351.0,96.5,27.4,0
WH_RIYADH_GCC,P0925,2973.0,2194.0,156.7,19.0,0
WH_RIYADH_GCC,P0261,2792.0,2449.0,174.9,16.0,0
WH_RIYADH_GCC,P0746,5890.0,2058.0,147.0,40.1,0
WH_RIYADH_GCC,P0079,3732.0,1176.0,84.0,44.4,0
WH_RIYADH_GCC,P0915,674.0,318.0,22.7,29.7,0
WH_RIYADH_GCC,P0430,881.0,585.0,41.8,21.1,0
WH_RIYADH_GCC,P0316,615.0,279.0,19.9,30.9,0
WH_RIYADH_GCC,P0988,991.0,1086.0,77.6,12.8,1
WH_RIYADH_GCC,P0674,5935.0,1756.0,125.4,47.3,0
WH_RIYADH_GCC,P0491,875.0,510.0,36.4,24.0,0
WH_RIYADH_GCC,P0971,2412.0,1217.0,86.9,27.8,0
WH_RIYADH_GCC,P0487,657.0,451.0,32.2,20.4,0
WH_RIYADH_GCC,P0918,2228.0,1186.0,84.7,26.3,0
WH_RIYADH_GCC,P0083,3360.0,1103.0,78.8,42.6,0
WH_RIYADH_GCC,P0637,2841.0,1226.0,87.6,32.4,0
WH_RIYADH_GCC,P0371,1579.0,2006.0,143.3,11.0,1
WH_RIYADH_GCC,P0335,5817.0,2449.0,174.9,33.3,0
WH_RIYADH_GCC,P0076,3602.0,2013.0,143.8,25.0,0
WH_RIYADH_GCC,P0466,4312.0,2096.0,149.7,28.8,0
WH_RIYADH_GCC,P0904,497.0,349.0,24.9,20.0,0
WH_RIYADH_GCC,P0876,776.0,239.0,17.1,45.4,0
WH_RIYADH_GCC,P0432,7214.0,2127.0,151.9,47.5,0
WH_RIYADH_GCC,P0458,953.0,924.0,66.0,14.4,0
WH_RIYADH_GCC,P0202,4492.0,2292.0,163.7,27.4,0
WH_RIYADH_GCC,P0952,233.0,287.0,20.5,11.4,1
WH_RIYADH_GCC,P0069,1076.0,349.0,24.9,43.2,0
WH_RIYADH_GCC,P0521,652.0,213.0,15.2,42.9,0
WH_RIYADH_GCC,P0565,1255.0,447.0,31.9,39.3,0
WH_RIYADH_GCC,P0714,4774.0,1555.0,111.1,43.0,0
WH_RIYADH_GCC,P0143,5093.0,1889.0,134.9,37.8,0
WH_RIYADH_GCC,P0962,860.0,279.0,19.9,43.2,0
WH_RIYADH_GCC,P0470,2976.0,889.0,63.5,46.9,0
WH_RIYADH_GCC,P0708,1153.0,693.0,49.5,23.3,0
WH_RIYADH_GCC,P0755,2296.0,713.0,50.9,45.1,0
WH_RIYADH_GCC,P0598,2480.0,844.0,60.3,41.1,0
WH_RIYADH_GCC,P0909,7061.0,2346.0,167.6,42.1,0
WH_RIYADH_GCC,P0410,5493.0,2451.0,175.1,31.4,0
WH_RIYADH_GCC,P0927,3231.0,1127.0,80.5,40.1,0
WH_RIYADH_GCC,P0119,1669.0,1114.0,79.6,21.0,0
WH_RIYADH_GCC,P0719,4373.0,1971.0,140.8,31.1,0
WH_RIYADH_GCC,P0332,5560.0,1750.0,125.0,44.5,0
WH_RIYADH_GCC,P0834,7158.0,2243.0,160.2,44.7,0
WH_RIYADH_GCC,P0368,1490.0,466.0,33.3,44.7,0
WH_RIYADH_GCC,P0102,1711.0,1938.0,138.4,12.4,1
WH_RIYADH_GCC,P0356,3572.0,1082.0,77.3,46.2,0
WH_RIYADH_GCC,P0319,3531.0,1065.0,76.1,46.4,0
WH_RIYADH_GCC,P0627,5908.0,2323.0,165.9,35.6,0
WH_RIYADH_GCC,P0220,1814.0,713.0,50.9,35.6,0
WH_RIYADH_GCC,P0088,577.0,349.0,24.9,23.2,0
WH_RIYADH_GCC,P0280,1285.0,434.0,31.0,41.5,0
WH_RIYADH_GCC,P0867,1713.0,1894.0,135.3,12.7,1
WH_RIYADH_GCC,P0176,2853.0,2507.0,179.1,15.9,0
WH_RIYADH_GCC,P0748,537.0,304.0,21.7,24.7,0
WH_RIYADH_GCC,P0267,2522.0,1071.0,76.5,33.0,0
WH_RIYADH_GCC,P0347,938.0,1116.0,79.7,11.8,1
WH_RIYADH_GCC,P0712,4369.0,2065.0,147.5,29.6,0
WH_RIYADH_GCC,P0801,1631.0,1784.0,127.4,12.8,1
WH_RIYADH_GCC,P0345,5229.0,1690.0,120.7,43.3,0
WH_RIYADH_GCC,P0070,1560.0,722.0,51.6,30.2,0
WH_RIYADH_GCC,P0584,5049.0,2359.0,168.5,30.0,0
WH_RIYADH_GCC,P0091,4084.0,1236.0,88.3,46.3,0
WH_RIYADH_GCC,P0994,1012.0,918.0,65.6,15.4,0
WH_RIYADH_GCC,P0824,1512.0,1197.0,85.5,17.7,0
WH_RIYADH_GCC,P0131,1035.0,519.0,37.1,27.9,0
WH_RIYADH_GCC,P0560,1443.0,972.0,69.4,20.8,0
WH_RIYADH_GCC,P0479,1951.0,1021.0,72.9,26.8,0
WH_RIYADH_GCC,P0709,1329.0,1037.0,74.1,17.9,0
WH_RIYADH_GCC,P0913,863.0,507.0,36.2,23.8,0
WH_RIYADH_GCC,P0038,1094.0,1068.0,76.3,14.3,0
WH_RIYADH_GCC,P0064,2294.0,714.0,51.0,45.0,0
WH_RIYADH_GCC,P0022,399.0,430.0,30.7,13.0,1
WH_RIYADH_GCC,P0965,3077.0,1051.0,75.1,41.0,0
WH_RIYADH_GCC,P0109,1126.0,1459.0,104.2,10.8,1
WH_RIYADH_GCC,P0809,2361.0,707.0,50.5,46.8,0
WH_RIYADH_GCC,P0633,2384.0,1569.0,112.1,21.3,0
WH_RIYADH_GCC,P0992,2207.0,1005.0,71.8,30.7,0
WH_DUBAI_GCC,P0353,881.0,827.0,59.1,14.9,0
WH_DUBAI_GCC,P0857,2373.0,1432.0,102.3,23.2,0
WH_DUBAI_GCC,P0300,3357.0,1954.0,139.6,24.0,0
WH_DUBAI_GCC,P0975,7403.0,2218.0,158.4,46.7,0
WH_DUBAI_GCC,P0160,1067.0,942.0,67.3,15.9,0
WH_DUBAI_GCC,P0116,475.0,539.0,38.5,12.3,1
WH_DUBAI_GCC,P0836,4672.0,2463.0,175.9,26.6,0
WH_DUBAI_GCC,P0005,2861.0,1778.0,127.0,22.5,0
WH_DUBAI_GCC,P0840,1672.0,781.0,55.8,30.0,0
WH_DUBAI_GCC,P0791,852.0,1072.0,76.6,11.1,1
WH_DUBAI_GCC,P0981,1704.0,756.0,54.0,31.6,0
WH_DUBAI_GCC,P0159,1742.0,1201.0,85.8,20.3,0
WH_DUBAI_GCC,P0700,1059.0,532.0,38.0,27.9,0
WH_DUBAI_GCC,P0247,4906.0,2360.0,168.6,29.1,0
WH_DUBAI_GCC,P0030,896.0,465.0,33.2,27.0,0
WH_DUBAI_GCC,P0956,2566.0,829.0,59.2,43.3,0
WH_DUBAI_GCC,P0596,423.0,274.0,19.6,21.6,0
WH_DUBAI_GCC,P0154,3619.0,1915.0,136.8,26.5,0
WH_DUBAI_GCC,P0533,3018.0,1833.0,130.9,23.1,0
WH_DUBAI_GCC,P0540,6218.0,2096.0,149.7,41.5,0
WH_DUBAI_GCC,P0027,6876.0,2156.0,154.0,44.6,0
WH_DUBAI_GCC,P0530,3488.0,2307.0,164.8,21.2,0
WH_DUBAI_GCC,P0672,2555.0,774.0,55.3,46.2,0
WH_DUBAI_GCC,P0218,3612.0,1057.0,75.5,47.8,0
WH_DUBAI_GCC,P0342,2344.0,748.0,53.4,43.9,0
WH_DUBAI_GCC,P0294,3050.0,2107.0,150.5,20.3,0
WH_DUBAI_GCC,P0688,2696.0,820.0,58.6,46.0,0
WH_DUBAI_GCC,P0222,4555.0,1651.0,117.9,38.6,0
WH_DUBAI_GCC,P0852,951.0,279.0,19.9,47.8,0
WH_DUBAI_GCC,P0062,874.0,725.0,51.8,16.9,0
WH_DUBAI_GCC,P0517,2124.0,2486.0,177.6,12.0,1
WH_DUBAI_GCC,P0404,5453.0,1819.0,129.9,42.0,0
WH_DUBAI_GCC,P0642,2449.0,1775.0,126.8,19.3,0
WH_DUBAI_GCC,P0372,1482.0,543.0,38.8,38.2,0
WH_DUBAI_GCC,P0544,3456.0,1089.0,77.8,44.4,0
WH_DUBAI_GCC,P0914,597.0,634.0,45.3,13.2,1
WH_DUBAI_GCC,P0884,892.0,552.0,39.4,22.6,0
WH_DUBAI_GCC,P0097,5419.0,1768.0,126.3,42.9,0
WH_DUBAI_GCC,P0125,2625.0,1065.0,76.1,34.5,0
WH_DUBAI_GCC,P0139,755.0,312.0,22.3,33.9,0
WH_DUBAI_GCC,P0492,2735.0,1189.0,84.9,32.2,0
WH_DUBAI_GCC,P0363,1498.0,773.0,55.2,27.1,0
WH_DUBAI_GCC,P0080,2440.0,909.0,64.9,37.6,0
WH_DUBAI_GCC,P0589,1878.0,1235.0,88.2,21.3,0
WH_DUBAI_GCC,P0866,4584.0,1910.0,136.4,33.6,0
WH_DUBAI_GCC,P0634,1375.0,1400.0,100.0,13.8,1
WH_DUBAI_GCC,P0567,4125.0,1812.0,129.4,31.9,0
WH_DUBAI_GCC,P0021,2809.0,1179.0,84.2,33.4,0
WH_DUBAI_GCC,P0545,2921.0,1147.0,81.9,35.7,0
WH_DUBAI_GCC,P0193,5415.0,2265.0,161.8,33.5,0
WH_DUBAI_GCC,P0663,7684.0,2453.0,175.2,43.9,0
WH_DUBAI_GCC,P0511,7020.0,2414.0,172.4,40.7,0
WH_DUBAI_GCC,P0041,1729.0,1568.0,112.0,15.4,0
WH_DUBAI_GCC,P0998,279.0,302.0,21.6,12.9,1
WH_DUBAI_GCC,P0783,2354.0,902.0,64.4,36.6,0
WH_DUBAI_GCC,P0422,1033.0,1221.0,87.2,11.8,1
WH_DUBAI_GCC,P0191,1995.0,2002.0,143.0,14.0,1
WH_DUBAI_GCC,P0666,663.0,448.0,32.0,20.7,0
WH_DUBAI_GCC,P0364,944.0,427.0,30.5,31.0,0
WH_DUBAI_GCC,P0524,2948.0,889.0,63.5,46.4,0
WH_DUBAI_GCC,P0662,1309.0,1128.0,80.6,16.2,0
WH_DUBAI_GCC,P0581,543.0,238.0,17.0,31.9,0
WH_DUBAI_GCC,P0449,2619.0,1470.0,105.0,24.9,0
WH_DUBAI_GCC,P0231,1887.0,756.0,54.0,34.9,0
WH_DUBAI_GCC,P0429,1403.0,1176.0,84.0,16.7,0
WH_DUBAI_GCC,P0620,2597.0,1214.0,86.7,30.0,0
WH_DUBAI_GCC,P0595,4825.0,2395.0,171.1,28.2,0
WH_DUBAI_GCC,P0608,2944.0,1350.0,96.4,30.5,0
WH_DUBAI_GCC,P0150,2186.0,1792.0,128.0,17.1,0
WH_DUBAI_GCC,P0357,4171.0,1343.0,95.9,43.5,0
WH_DUBAI_GCC,P0228,6943.0,2297.0,164.1,42.3,0
WH_DUBAI_GCC,P0554,1470.0,696.0,49.7,29.6,0
WH_DUBAI_GCC,P0205,1730.0,2363.0,168.8,10.2,1
WH_DUBAI_GCC,P0115,2731.0,2292.0,163.7,16.7,0
WH_DUBAI_GCC,P0337,1853.0,1462.0,104.4,17.7,0
WH_DUBAI_GCC,P0911,6200.0,2233.0,159.5,38.9,0
WH_DUBAI_GCC,P0822,1436.0,1156.0,82.6,17.4,0
WH_DUBAI_GCC,P0266,1222.0,1242.0,88.7,13.8,1
WH_DUBAI_GCC,P0790,2603.0,1596.0,114.0,22.8,0
WH_DUBAI_GCC,P0796,463.0,249.0,17.8,26.0,0
WH_DUBAI_GCC,P0297,4543.0,1847.0,131.9,34.4,0
WH_DUBAI_GCC,P0011,1468.0,444.0,31.7,46.3,0
WH_DUBAI_GCC,P0105,4147.0,1777.0,126.9,32.7,0
WH_DUBAI_GCC,P0195,4095.0,1844.0,131.7,31.1,0
WH_DUBAI_GCC,P0569,2327.0,1144.0,81.7,28.5,0
WH_DUBAI_GCC,P0276,3324.0,1256.0,89.7,37.1,0
WH_DUBAI_GCC,P0188,3086.0,1975.0,141.1,21.9,0
WH_DUBAI_GCC,P0711,4372.0,2023.0,144.5,30.3,0
WH_DUBAI_GCC,P0391,877.0,444.0,31.7,27.7,0
WH_DUBAI_GCC,P0673,4305.0,1705.0,121.8,35.3,0
WH_DUBAI_GCC,P0553,544.0,321.0,22.9,23.8,0
WH_DUBAI_GCC,P0161,1776.0,892.0,63.7,27.9,0
WH_DUBAI_GCC,P0230,7151.0,2229.0,159.2,44.9,0
WH_DUBAI_GCC,P0821,6755.0,2031.0,145.1,46.6,0
WH_DUBAI_GCC,P0651,1214.0,1246.0,89.0,13.6,1
WH_DUBAI_GCC,P0189,6570.0,2131.0,152.2,43.2,0
WH_DUBAI_GCC,P0135,2382.0,1126.0,80.4,29.6,0
WH_DUBAI_GCC,P0279,1180.0,799.0,57.1,20.7,0
WH_DUBAI_GCC,P0641,3643.0,2472.0,176.6,20.6,0
WH_DUBAI_GCC,P0926,3607.0,2454.0,175.3,20.6,0
WH_DUBAI_GCC,P0568,2474.0,2132.0,152.3,16.2,0
WH_DUBAI_GCC,P0286,6815.0,2139.0,152.8,44.6,0
WH_DUBAI_GCC,P0583,2062.0,2276.0,162.6,12.7,1
WH_DUBAI_GCC,P0198,6210.0,2017.0,144.1,43.1,0
WH_DUBAI_GCC,P0254,3128.0,998.0,71.3,43.9,0
WH_DUBAI_GCC,P0103,3474.0,1743.0,124.5,27.9,0
WH_DUBAI_GCC,P0152,581.0,225.0,16.1,36.1,0
WH_DUBAI_GCC,P0754,6826.0,2052.0,146.6,46.6,0
WH_DUBAI_GCC,P0759,1811.0,1635.0,116.8,15.5,0
WH_DUBAI_GCC,P0763,1906.0,861.0,61.5,31.0,0
WH_DUBAI_GCC,P0056,1812.0,832.0,59.4,30.5,0
WH_DUBAI_GCC,P0780,2293.0,784.0,56.0,40.9,0
WH_DUBAI_GCC,P0084,586.0,353.0,25.2,23.3,0
WH_DUBAI_GCC,P0465,528.0,364.0,26.0,20.3,0
WH_DUBAI_GCC,P0907,929.0,473.0,33.8,27.5,0
WH_DUBAI_GCC,P0893,961.0,396.0,28.3,34.0,0
WH_DUBAI_GCC,P0592,5040.0,1798.0,128.4,39.3,0
WH_DUBAI_GCC,P0716,3678.0,1919.0,137.1,26.8,0
WH_DUBAI_GCC,P0837,5029.0,1940.0,138.6,36.3,0
WH_DUBAI_GCC,P0892,2964.0,1733.0,123.8,23.9,0
WH_DUBAI_GCC,P0408,3649.0,1956.0,139.7,26.1,0
WH_DUBAI_GCC,P0213,1930.0,1156.0,82.6,23.4,0
WH_DUBAI_GCC,P0693,1188.0,1527.0,109.1,10.9,1
WH_DUBAI_GCC,P0476,3046.0,1439.0,102.8,29.6,0
WH_DUBAI_GCC,P0925,1552.0,977.0,69.8,22.2,0
WH_DUBAI_GCC,P0261,3151.0,1305.0,93.2,33.8,0
WH_DUBAI_GCC,P0746,557.0,508.0,36.3,15.3,0
WH_DUBAI_GCC,P0079,3608.0,2310.0,165.0,21.9,0
WH_DUBAI_GCC,P0915,1527.0,820.0,58.6,26.1,0
WH_DUBAI_GCC,P0430,5404.0,2019.0,144.2,37.5,0
WH_DUBAI_GCC,P0316,5719.0,2027.0,144.8,39.5,0
WH_DUBAI_GCC,P0988,4989.0,1967.0,140.5,35.5,0
WH_DUBAI_GCC,P0674,1390.0,827.0,59.1,23.5,0
WH_DUBAI_GCC,P0491,4326.0,1940.0,138.6,31.2,0
WH_DUBAI_GCC,P0971,1139.0,350.0,25.0,45.6,0
WH_DUBAI_GCC,P0487,5858.0,1980.0,141.4,41.4,0
WH_DUBAI_GCC,P0918,5974.0,2485.0,177.5,33.7,0
WH_DUBAI_GCC,P0083,2877.0,1474.0,105.3,27.3,0
WH_DUBAI_GCC,P0637,4131.0,1599.0,114.2,36.2,0
WH_DUBAI_GCC,P0371,1251.0,549.0,39.2,31.9,0
WH_DUBAI_GCC,P0335,2224.0,1568.0,112.0,19.9,0
WH_DUBAI_GCC,P0076,390.0,392.0,28.0,13.9,1
WH_DUBAI_GCC,P0466,1064.0,1422.0,101.6,10.5,1
WH_DUBAI_GCC,P0904,2265.0,687.0,49.1,46.1,0
WH_DUBAI_GCC,P0876,5511.0,1956.0,139.7,39.4,0
WH_DUBAI_GCC,P0432,363.0,305.0,21.8,16.7,0
WH_DUBAI_GCC,P0458,4040.0,1309.0,93.5,43.2,0
WH_DUBAI_GCC,P0202,2680.0,1357.0,96.9,27.7,0
WH_DUBAI_GCC,P0952,946.0,277.0,19.8,47.8,0
WH_DUBAI_GCC,P0069,1881.0,885.0,63.2,29.8,0
WH_DUBAI_GCC,P0521,2427.0,1497.0,106.9,22.7,0
WH_DUBAI_GCC,P0565,5540.0,1732.0,123.7,44.8,0
WH_DUBAI_GCC,P0714,6402.0,2255.0,161.1,39.7,0
WH_DUBAI_GCC,P0143,2000.0,641.0,45.8,43.7,0
WH_DUBAI_GCC,P0962,6114.0,2043.0,145.9,41.9,0
WH_DUBAI_GCC,P0470,4065.0,1240.0,88.6,45.9,0
WH_DUBAI_GCC,P0708,2605.0,1232.0,88.0,29.6,0
WH_DUBAI_GCC,P0755,841.0,1064.0,76.0,11.1,1
WH_DUBAI_GCC,P0598,2395.0,1127.0,80.5,29.8,0
WH_DUBAI_GCC,P0909,1033.0,967.0,69.1,14.9,0
WH_DUBAI_GCC,P0410,2042.0,753.0,53.8,38.0,0
WH_DUBAI_GCC,P0927,3656.0,2121.0,151.5,24.1,0
WH_DUBAI_GCC,P0119,4059.0,1625.0,116.1,35.0,0
WH_DUBAI_GCC,P0719,871.0,864.0,61.7,14.1,0
WH_DUBAI_GCC,P0332,2892.0,2068.0,147.7,19.6,0
WH_DUBAI_GCC,P0834,1970.0,2302.0,164.4,12.0,1
WH_DUBAI_GCC,P0368,660.0,291.0,20.8,31.7,0
WH_DUBAI_GCC,P0102,2611.0,1380.0,98.6,26.5,0
WH_DUBAI_GCC,P0356,619.0,490.0,35.0,17.7,0
WH_DUBAI_GCC,P0319,4895.0,2297.0,164.1,29.8,0
WH_DUBAI_GCC,P0627,1784.0,1933.0,138.1,12.9,1
WH_DUBAI_GCC,P0220,1807.0,853.0,60.9,29.7,0
WH_DUBAI_GCC,P0088,685.0,283.0,20.2,33.9,0
WH_DUBAI_GCC,P0280,3985.0,1193.0,85.2,46.8,0
WH_DUBAI_GCC,P0867,3467.0,2157.0,154.1,22.5,0
WH_DUBAI_GCC,P0176,3779.0,1610.0,115.0,32.9,0
WH_DUBAI_GCC,P0748,5738.0,2006.0,143.3,40.0,0
WH_DUBAI_GCC,P0267,1451.0,547.0,39.1,37.1,0
WH_DUBAI_GCC,P0347,1068.0,669.0,47.8,22.3,0
WH_DUBAI_GCC,P0712,512.0,322.0,23.0,22.3,0
WH_DUBAI_GCC,P0801,3222.0,984.0,70.3,45.8,0
WH_DUBAI_GCC,P0345,2646.0,813.0,58.1,45.5,0
WH_DUBAI_GCC,P0070,1038.0,582.0,41.6,25.0,0
WH_DUBAI_GCC,P0584,2658.0,1574.0,112.4,23.6,0
WH_DUBAI_GCC,P0091,471.0,603.0,43.1,10.9,1
WH_DUBAI_GCC,P0994,4403.0,1630.0,116.4,37.8,0
WH_DUBAI_GCC,P0824,579.0,507.0,36.2,16.0,0
WH_DUBAI_GCC,P0131,2005.0,1879.0,134.2,14.9,0
WH_DUBAI_GCC,P0560,2910.0,1487.0,106.2,27.4,0
WH_DUBAI_GCC,P0479,1197.0,988.0,70.6,17.0,0
WH_DUBAI_GCC,P0709,2536.0,1320.0,94.3,26.9,0
WH_DUBAI_GCC,P0913,4390.0,2346.0,167.6,26.2,0
WH_DUBAI_GCC,P0038,3090.0,2456.0,175.4,17.6,0
WH_DUBAI_GCC,P0064,2248.0,2065.0,147.5,15.2,0
WH_DUBAI_GCC,P0022,1689.0,580.0,41.4,40.8,0
WH_DUBAI_GCC,P0965,4155.0,1582.0,113.0,36.8,0
WH_DUBAI_GCC,P0109,2317.0,794.0,56.7,40.9,0
WH_DUBAI_GCC,P0809,3844.0,1492.0,106.6,36.1,0
WH_DUBAI_GCC,P0633,1338.0,564.0,40.3,33.2,0
WH_DUBAI_GCC,P0992,481.0,332.0,23.7,20.3,0
WH_DOHA_GCC,P0353,2580.0,2110.0,150.7,17.1,0
WH_DOHA_GCC,P0857,1577.0,493.0,35.2,44.8,0
WH_DOHA_GCC,P0300,1778.0,2398.0,171.3,10.4,1
WH_DOHA_GCC,P0975,6826.0,2148.0,153.4,44.5,0
WH_DOHA_GCC,P0160,4280.0,1862.0,133.0,32.2,0
WH_DOHA_GCC,P0116,6648.0,2416.0,172.6,38.5,0
WH_DOHA_GCC,P0836,2600.0,1966.0,140.4,18.5,0
WH_DOHA_GCC,P0005,6116.0,2115.0,151.1,40.5,0
WH_DOHA_GCC,P0840,4388.0,1989.0,142.1,30.9,0
WH_DOHA_GCC,P0791,4528.0,1676.0,119.7,37.8,0
WH_DOHA_GCC,P0981,3507.0,1162.0,83.0,42.3,0
WH_DOHA_GCC,P0159,4180.0,1455.0,103.9,40.2,0
WH_DOHA_GCC,P0700,2834.0,1120.0,80.0,35.4,0
WH_DOHA_GCC,P0247,3083.0,2372.0,169.4,18.2,0
WH_DOHA_GCC,P0030,3420.0,2415.0,172.5,19.8,0
WH_DOHA_GCC,P0956,1543.0,605.0,43.2,35.7,0
WH_DOHA_GCC,P0596,3683.0,2113.0,150.9,24.4,0
WH_DOHA_GCC,P0154,1674.0,651.0,46.5,36.0,0
WH_DOHA_GCC,P0533,2529.0,816.0,58.3,43.4,0
WH_DOHA_GCC,P0540,579.0,224.0,16.0,36.2,0
WH_DOHA_GCC,P0027,777.0,342.0,24.4,31.8,0
WH_DOHA_GCC,P0530,6775.0,2358.0,168.4,40.2,0
WH_DOHA_GCC,P0672,1873.0,952.0,68.0,27.5,0
WH_DOHA_GCC,P0218,2385.0,1427.0,101.9,23.4,0
WH_DOHA_GCC,P0342,3451.0,1588.0,113.4,30.4,0
WH_DOHA_GCC,P0294,2928.0,990.0,70.7,41.4,0
WH_DOHA_GCC,P0688,2867.0,867.0,61.9,46.3,0
WH_DOHA_GCC,P0222,3609.0,2493.0,178.1,20.3,0
WH_DOHA_GCC,P0852,1955.0,1558.0,111.3,17.6,0
WH_DOHA_GCC,P0062,791.0,1046.0,74.7,10.6,1
WH_DOHA_GCC,P0517,4876.0,2507.0,179.1,27.2,0
WH_DOHA_GCC,P0404,1918.0,788.0,56.3,34.1,0
WH_DOHA_GCC,P0642,6267.0,2243.0,160.2,39.1,0
WH_DOHA_GCC,P0372,970.0,777.0,55.5,17.5,0
WH_DOHA_GCC,P0544,5010.0,2120.0,151.4,33.1,0
WH_DOHA_GCC,P0914,4737.0,1690.0,120.7,39.2,0
WH_DOHA_GCC,P0884,6373.0,1968.0,140.6,45.3,0
WH_DOHA_GCC,P0097,916.0,315.0,22.5,40.7,0
WH_DOHA_GCC,P0125,2217.0,883.0,63.1,35.1,0
WH_DOHA_GCC,P0139,3811.0,2170.0,155.0,24.6,0
WH_DOHA_GCC,P0492,3201.0,1364.0,97.4,32.9,0
WH_DOHA_GCC,P0363,3562.0,1544.0,110.3,32.3,0
WH_DOHA_GCC,P0080,1334.0,580.0,41.4,32.2,0
WH_DOHA_GCC,P0589,4198.0,1742.0,124.4,33.7,0
WH_DOHA_GCC,P0866,3456.0,1610.0,115.0,30.1,0
WH_DOHA_GCC,P0634,2016.0,1914.0,136.7,14.7,0
WH_DOHA_GCC,P0567,4276.0,1793.0,128.1,33.4,0
WH_DOHA_GCC,P0021,3032.0,1191.0,85.1,35.6,0
WH_DOHA_GCC,P0545,869.0,445.0,31.8,27.3,0
WH_DOHA_GCC,P0193,2298.0,1378.0,98.4,23.4,0
WH_DOHA_GCC,P0663,6704.0,2517.0,179.8,37.3,0
WH_DOHA_GCC,P0511,1492.0,1008.0,72.0,20.7,0
WH_DOHA_GCC,P0041,1150.0,673.0,48.1,23.9,0
WH_DOHA_GCC,P0998,4854.0,2379.0,169.9,28.6,0
WH_DOHA_GCC,P0783,3498.0,1455.0,103.9,33.7,0
WH_DOHA_GCC,P0422,489.0,336.0,24.0,20.4,0
WH_DOHA_GCC,P0191,468.0,221.0,15.8,29.6,0
WH_DOHA_GCC,P0666,5152.0,2484.0,177.4,29.0,0
WH_DOHA_GCC,P0364,6531.0,2183.0,155.9,41.9,0
WH_DOHA_GCC,P0524,7554.0,2512.0,179.4,42.1,0
WH_DOHA_GCC,P0662,541.0,255.0,18.2,29.7,0
WH_DOHA_GCC,P0581,2609.0,1191.0,85.1,30.7,0
WH_DOHA_GCC,P0449,4287.0,1334.0,95.3,45.0,0
WH_DOHA_GCC,P0231,1598.0,717.0,51.2,31.2,0
WH_DOHA_GCC,P0429,1950.0,2306.0,164.7,11.8,1
WH_DOHA_GCC,P0620,2769.0,1389.0,99.2,27.9,0
WH_DOHA_GCC,P0595,4265.0,1757.0,125.5,34.0,0
WH_DOHA_GCC,P0608,1698.0,601.0,42.9,39.6,0
WH_DOHA_GCC,P0150,5071.0,2517.0,179.8,28.2,0
WH_DOHA_GCC,P0357,555.0,696.0,49.7,11.2,1
WH_DOHA_GCC,P0228,962.0,910.0,65.0,14.8,0
WH_DOHA_GCC,P0554,6868.0,2269.0,162.1,42.4,0
WH_DOHA_GCC,P0205,3147.0,2215.0,158.2,19.9,0
WH_DOHA_GCC,P0115,1434.0,1060.0,75.7,18.9,0
WH_DOHA_GCC,P0337,6354.0,2022.0,144.4,44.0,0
WH_DOHA_GCC,P0911,3643.0,1198.0,85.6,42.6,0
WH_DOHA_GCC,P0822,1493.0,1042.0,74.4,20.1,0
WH_DOHA_GCC,P0266,2731.0,1295.0,92.5,29.5,0
WH_DOHA_GCC,P0790,601.0,230.0,16.4,36.6,0
WH_DOHA_GCC,P0796,758.0,543.0,38.8,19.5,0
WH_DOHA_GCC,P0297,5925.0,1765.0,126.1,47.0,0
WH_DOHA_GCC,P0011,7984.0,2365.0,168.9,47.3,0
WH_DOHA_GCC,P0105,510.0,308.0,22.0,23.2,0
WH_DOHA_GCC,P0195,754.0,265.0,18.9,39.9,0
WH_DOHA_GCC,P0569,1116.0,1501.0,107.2,10.4,1
WH_DOHA_GCC,P0276,2582.0,1989.0,142.1,18.2,0
WH_DOHA_GCC,P0188,1777.0,755.0,53.9,33.0,0
WH_DOHA_GCC,P0711,728.0,272.0,19.4,37.5,0
WH_DOHA_GCC,P0391,1805.0,958.0,68.4,26.4,0
WH_DOHA_GCC,P0673,328.0,245.0,17.5,18.7,0
WH_DOHA_GCC,P0553,2624.0,1585.0,113.2,23.2,0
WH_DOHA_GCC,P0161,2458.0,1320.0,94.3,26.1,0
WH_DOHA_GCC,P0230,1733.0,1275.0,91.1,19.0,0
WH_DOHA_GCC,P0821,488.0,302.0,21.6,22.6,0
WH_DOHA_GCC,P0651,2386.0,1015.0,72.5,32.9,0
WH_DOHA_GCC,P0189,3509.0,2426.0,173.3,20.2,0
WH_DOHA_GCC,P0135,2021.0,1282.0,91.6,22.1,0
WH_DOHA_GCC,P0279,2182.0,816.0,58.3,37.4,0
WH_DOHA_GCC,P0641,809.0,283.0,20.2,40.0,0
WH_DOHA_GCC,P0926,5513.0,2136.0,152.6,36.1,0
WH_DOHA_GCC,P0568,2691.0,833.0,59.5,45.2,0
WH_DOHA_GCC,P0286,5771.0,1721.0,122.9,47.0,0
WH_DOHA_GCC,P0583,3189.0,1079.0,77.1,41.4,0
WH_DOHA_GCC,P0198,2227.0,713.0,50.9,43.8,0
WH_DOHA_GCC,P0254,6346.0,2017.0,144.1,44.0,0
WH_DOHA_GCC,P0103,2842.0,2015.0,143.9,19.7,0
WH_DOHA_GCC,P0152,718.0,749.0,53.5,13.4,1
WH_DOHA_GCC,P0754,2742.0,1385.0,98.9,27.7,0
WH_DOHA_GCC,P0759,1587.0,722.0,51.6,30.8,0
WH_DOHA_GCC,P0763,1128.0,637.0,45.5,24.8,0
WH_DOHA_GCC,P0056,1607.0,580.0,41.4,38.8,0
WH_DOHA_GCC,P0780,6062.0,1966.0,140.4,43.2,0
WH_DOHA_GCC,P0084,3512.0,1449.0,103.5,33.9,0
WH_DOHA_GCC,P0465,1982.0,1681.0,120.1,16.5,0
WH_DOHA_GCC,P0907,3557.0,1088.0,77.7,45.8,0
WH_DOHA_GCC,P0893,2059.0,893.0,63.8,32.3,0
WH_DOHA_GCC,P0592,4421.0,1617.0,115.5,38.3,0
WH_DOHA_GCC,P0716,2241.0,701.0,50.1,44.7,0
WH_DOHA_GCC,P0837,5347.0,2468.0,176.3,30.3,0
WH_DOHA_GCC,P0892,1621.0,1197.0,85.5,19.0,0
WH_DOHA_GCC,P0408,4007.0,1224.0,87.4,45.8,0
WH_DOHA_GCC,P0213,736.0,423.0,30.2,24.4,0
WH_DOHA_GCC,P0693,5762.0,2100.0,150.0,38.4,0
WH_DOHA_GCC,P0476,4370.0,1541.0,110.1,39.7,0
WH_DOHA_GCC,P0925,4561.0,1890.0,135.0,33.8,0
WH_DOHA_GCC,P0261,2822.0,1709.0,122.1,23.1,0
WH_DOHA_GCC,P0746,2102.0,1548.0,110.6,19.0,0
WH_DOHA_GCC,P0079,4815.0,2356.0,168.3,28.6,0
WH_DOHA_GCC,P0915,1509.0,1835.0,131.1,11.5,1
WH_DOHA_GCC,P0430,4037.0,1693.0,120.9,33.4,0
WH_DOHA_GCC,P0316,3088.0,977.0,69.8,44.2,0
WH_DOHA_GCC,P0988,3062.0,2267.0,161.9,18.9,0
WH_DOHA_GCC,P0674,2278.0,1935.0,138.2,16.5,0
WH_DOHA_GCC,P0491,3736.0,1961.0,140.1,26.7,0
WH_DOHA_GCC,P0971,5341.0,2470.0,176.4,30.3,0
WH_DOHA_GCC,P0487,2356.0,1228.0,87.7,26.9,0
WH_DOHA_GCC,P0918,1394.0,1459.0,104.2,13.4,1
WH_DOHA_GCC,P0083,2850.0,941.0,67.2,42.4,0
WH_DOHA_GCC,P0637,5328.0,2234.0,159.6,33.4,0
WH_DOHA_GCC,P0371,1274.0,1651.0,117.9,10.8,1
WH_DOHA_GCC,P0335,3271.0,1688.0,120.6,27.1,0
WH_DOHA_GCC,P0076,7803.0,2373.0,169.5,46.0,0
WH_DOHA_GCC,P0466,1716.0,2159.0,154.2,11.1,1
WH_DOHA_GCC,P0904,2868.0,955.0,68.2,42.1,0
WH_DOHA_GCC,P0876,2234.0,1001.0,71.5,31.2,0
WH_DOHA_GCC,P0432,4516.0,2519.0,179.9,25.1,0
WH_DOHA_GCC,P0458,4327.0,1963.0,140.2,30.9,0
WH_DOHA_GCC,P0202,4674.0,1869.0,133.5,35.0,0
WH_DOHA_GCC,P0952,1742.0,2204.0,157.4,11.1,1
WH_DOHA_GCC,P0069,508.0,556.0,39.7,12.8,1
WH_DOHA_GCC,P0521,934.0,1177.0,84.1,11.1,1
WH_DOHA_GCC,P0565,517.0,512.0,36.6,14.1,0
WH_DOHA_GCC,P0714,843.0,430.0,30.7,27.5,0
WH_DOHA_GCC,P0143,1853.0,1483.0,105.9,17.5,0
WH_DOHA_GCC,P0962,464.0,507.0,36.2,12.8,1
WH_DOHA_GCC,P0470,3627.0,2008.0,143.4,25.3,0
WH_DOHA_GCC,P0708,1716.0,505.0,36.1,47.5,0
WH_DOHA_GCC,P0755,919.0,444.0,31.7,29.0,0
WH_DOHA_GCC,P0598,2862.0,1306.0,93.3,30.7,0
WH_DOHA_GCC,P0909,4973.0,2352.0,168.0,29.6,0
WH_DOHA_GCC,P0410,2248.0,1019.0,72.8,30.9,0
WH_DOHA_GCC,P0927,3533.0,2048.0,146.3,24.1,0
WH_DOHA_GCC,P0119,2830.0,2297.0,164.1,17.2,0
WH_DOHA_GCC,P0719,5908.0,2295.0,163.9,36.0,0
WH_DOHA_GCC,P0332,5605.0,1875.0,133.9,41.9,0
WH_DOHA_GCC,P0834,1782.0,1686.0,120.4,14.8,0
WH_DOHA_GCC,P0368,667.0,217.0,15.5,43.0,0
WH_DOHA_GCC,P0102,6439.0,2496.0,178.3,36.1,0
WH_DOHA_GCC,P0356,3925.0,1387.0,99.1,39.6,0
WH_DOHA_GCC,P0319,1228.0,601.0,42.9,28.6,0
WH_DOHA_GCC,P0627,6754.0,2468.0,176.3,38.3,0
WH_DOHA_GCC,P0220,3122.0,1302.0,93.0,33.6,0
WH_DOHA_GCC,P0088,1641.0,605.0,43.2,38.0,0
WH_DOHA_GCC,P0280,3959.0,1659.0,118.5,33.4,0
WH_DOHA_GCC,P0867,3578.0,2101.0,150.1,23.8,0
WH_DOHA_GCC,P0176,2303.0,678.0,48.4,47.6,0
WH_DOHA_GCC,P0748,1197.0,792.0,56.6,21.1,0
WH_DOHA_GCC,P0267,1924.0,1212.0,86.6,22.2,0
WH_DOHA_GCC,P0347,3234.0,1541.0,110.1,29.4,0
WH_DOHA_GCC,P0712,1353.0,718.0,51.3,26.4,0
WH_DOHA_GCC,P0801,2534.0,1218.0,87.0,29.1,0
WH_DOHA_GCC,P0345,3385.0,1477.0,105.5,32.1,0
WH_DOHA_GCC,P0070,631.0,459.0,32.8,19.2,0
WH_DOHA_GCC,P0584,1905.0,1007.0,71.9,26.5,0
WH_DOHA_GCC,P0091,3623.0,1917.0,136.9,26.5,0
WH_DOHA_GCC,P0994,2017.0,745.0,53.2,37.9,0
WH_DOHA_GCC,P0824,3169.0,1000.0,71.4,44.4,0
WH_DOHA_GCC,P0131,7178.0,2237.0,159.8,44.9,0
WH_DOHA_GCC,P0560,993.0,510.0,36.4,27.3,0
WH_DOHA_GCC,P0479,6669.0,2197.0,156.9,42.5,0
WH_DOHA_GCC,P0709,1248.0,1133.0,80.9,15.4,0
WH_DOHA_GCC,P0913,4349.0,2037.0,145.5,29.9,0
WH_DOHA_GCC,P0038,2819.0,977.0,69.8,40.4,0
WH_DOHA_GCC,P0064,743.0,788.0,56.3,13.2,1
WH_DOHA_GCC,P0022,1627.0,529.0,37.8,43.0,0
WH_DOHA_GCC,P0965,1340.0,763.0,54.5,24.6,0
WH_DOHA_GCC,P0109,1591.0,1523.0,108.8,14.6,0
WH_DOHA_GCC,P0809,3822.0,1219.0,87.1,43.9,0
WH_DOHA_GCC,P0633,1735.0,1677.0,119.8,14.5,0
WH_DOHA_GCC,P0992,4125.0,1455.0,103.9,39.7,0
